1,125,Abbott Laboratories SA Pty Ltd,35/4/0193,700642006,N01BB,S4,Chirocane 10ml  ,Levobupivacaine,5,mg/ml,INJ,10,10,484.23,23.39,71.07,578.69,5.79,1-Jul-14,,Originator,
2,125,Abbott Laboratories SA Pty Ltd,35/4/0194,700644001,N01BB,S4,Chirocane 10ml  ,Levobupivacaine,7.5,mg/ml,INJ,10,10,598.1,29.49,87.86,715.46,7.15,1-Jul-14,,Originator,
3,125,Abbott Laboratories SA Pty Ltd,35/20.2.8/0254,700922003,J05AE,S4,Kaletra,Lopinavir,133.3,mg,CAP,180,1,348.11,29.71,52.9,430.71,2.39,27-Mar-14,,Originator,
4,,,,,,,,Ritonavir,20,mg,,,,,,,,,,,,
5,125,Abbott Laboratories SA Pty Ltd,35/20.2.28/0255,700924019,J05AE,S4,Kaletra,Lopinavir,80,mg,SOL,60,5,211.64,18.05,32.16,261.85,0.87,1-Jul-14,,Originator,
6,,,,,,,,Ritonavir,20,mg,,,,,,,,,,,,
7,125,Abbott Laboratories SA Pty Ltd,34/2.9/0239,702992002,N01AB,S5,Precedex,Dexmedetomidine hydrochloride,100,mcg/ml,INJ,2,5,2953.4,156.52,435.39,3545.31,354.53,1-Jul-14,,Originator,
8,125,Abbott Laboratories SA Pty Ltd,X/20.1.1/229,704032001,J01FA,S4,Clacee 250mg,Clarithromycin,250,mg,TAB,10,1,60.02,10.6,9.89,80.51,8.05,27-Mar-14,,Generic,
9,125,Abbott Laboratories SA Pty Ltd,29/20.1.1/0163,704033001,J01FA,S4,Clacee 500mg,Clarithromycin,500,mg,TAB,10,1,63.5,11.2,10.45,85.15,8.51,27-Mar-14,,Generic,
10,125,Abbott Laboratories SA Pty Ltd,29/20.1.1/0163,704033002,J01FA,S4,Clacee 500mg,Clarithromycin,500,mg,TAB,14,1,88.89,15.68,14.64,119.22,8.51,27-Mar-14,,Generic,
11,125,Abbott Laboratories SA Pty Ltd,37/30.2/0252,705335001,L04AB,S4,Humira,Adalimumab,40,mg,INJ,0.8,2,7090.6,375.8,1045.29,8511.69,5319.81,1-Jul-14,,Originator,
12,125,Abbott Laboratories SA Pty Ltd,A39/7.1.3/0531,708279001,C09AA,S3,Mavik (was Gopten) ,Trandolapril,4,mg,CAP,30,1,128.25,15.05,20.07,163.37,5.45,27-Mar-14,,Originator,
13,125,Abbott Laboratories SA Pty Ltd,G/2.1/209,709643001,N01AB,S5,Forane 100ml,Isoflurane ,100,ml,INF,100,1,552.13,30.98,81.63,664.75,6.65,27-Mar-14,,Originator,
14,125,Abbott Laboratories SA Pty Ltd,41/20.2.8/0217,710028001,J05AE,S4,Aluvia,Lopinavir,200,mg,TAB,120,1,211.64,18.05,32.16,261.85,2.18,27-Mar-14,,Originator,
15,,,,,,,,Ritonavir,50,mg,,,,,,,,,,,,
16,125,Abbott Laboratories SA Pty Ltd,41/20.2.8/0217,710028002,J05AE,S4,Aluvia,Lopinavir,200,mg,TAB,112,1,197.53,16.85,30.01,244.39,2.18,27-Mar-14,,Originator ,
17,,,,,,,,Ritonavir,50,mg,,,,,,,,,,,,
18,125,Abbott Laboratories SA Pty Ltd,33/11.3/0027,710256001,A08AA,S5,Ectiva 10mg,Sibutramine hydrochloride,10,mg,CAP,30,1,153,27,25.2,205.2,6.84,27-Mar-14,,Generic,
19,125,Abbott Laboratories SA Pty Ltd,33/11.3/0028,710257001,A08AA,S5,Ectiva 15mg,Sibutramine hydrochloride,15,mg,CAP,30,1,178.5,31.5,29.4,239.4,7.98,27-Mar-14,,Generic,
20,125,Abbott Laboratories SA Pty Ltd,34/3.3/0178,710392001,R05CA,S2,Mucolator,Acetylcysteine,200,mg,SAC,30,1,35.77,5.46,5.78,47.01,1.57,27-Mar-14,,Generic,
21,125,Abbott Laboratories SA Pty Ltd,R/3.1/71,710849109,M01AE,S3,Brufen ,Ibuprofen,600,mg,TAB,20,1,37.26,6.32,6.1,49.68,2.48,27-Mar-14,,Originator,
22,125,Abbott Laboratories SA Pty Ltd,R/3.1/71,710849125,M01AE,S3,Brufen ,Ibuprofen,600,mg,TAB,100,1,187.61,29.6,30.41,247.62,2.48,27-Mar-14,,Originator,
23,125,Abbott Laboratories SA Pty Ltd,Q/3.1/323,710857004,M01AE,S3,Brufen Paediatric,Ibuprofen,100,mg/5ml,SUS,100,1,32.66,5.11,5.28,43.05,0.43,27-Mar-14,,Originator,
24,125,Abbott Laboratories SA Pty Ltd,A39/7.1.3/0508,714624001,C09BB,S3,Tarka Bilayer,Verapamil HCl/Trandolapril,180,mg,TAB,30,1,241.83,28.34,37.83,308,10.27,27-Mar-14,,Originator,
25,125,Abbott Laboratories SA Pty Ltd,A39/7.1.3/0547,714625001,C09BB,S3,Tarka Bilayer,Verapamil HCl/Trandolapril,240,mg,TAB,30,1,241.83,28.34,37.83,308,10.27,27-Mar-14,,Originator,
26,125,Abbott Laboratories SA Pty Ltd,43/20.2.8/0356,715433001,J05AE,S4,Aluvia 100/25,Lopinavir/,100,mg,TAB,60,1,52.92,4.51,8.04,65.47,1.09,27-Mar-14,,Generic,
27,,,,,,,,Ritonavir,25,mg,,,,,,,,,,,,
28,125,Abbott Laboratories SA Pty Ltd,43/20.2.8/0356,715433002,J05AE,S4,Aluvia 100/25,Lopinavir,100,mg,TAB,56,1,49.39,4.21,7.5,61.11,1.09,27-Mar-14,,Originator ,
29,,,,,,,,Ritonavir,25,mg,,,,,,,,,,,,
30,125,Abbott Laboratories SA Pty Ltd,37/30.2/0252,716266001,L04AB,S4,Humira 40mg,Adalimumab,40,mg/0.8ml,PED,0.8,2,7090.6,375.79,1045.29,8511.68,5319.8,1-Jul-14,,Originator,
31,125,Abbott Laboratories SA Pty Ltd,42/21.3/0670,716571001,H03A0,S3,Synthroid 25 µg,Levothyroxine Sodium,25,µg,TAB,90,1,40.1,2.41,5.95,48.45,0.54,27-Mar-14,,Originator,
32,125,Abbott Laboratories SA Pty Ltd,42/21.3/0671,716574001,H03A0,S3,Synthroid 50 µg,Levothyroxine Sodium,50,µg,TAB,90,1,52.29,3.14,7.76,63.19,0.7,27-Mar-14,,Originator,
33,125,Abbott Laboratories SA Pty Ltd,42/21.3/0673,716575001,H03A0,S3,Synthroid 88 µg,Levothyroxine Sodium,88,µg,TAB,90,1,66.24,3.97,9.83,80.05,0.89,27-Mar-14,,Originator,
34,125,Abbott Laboratories SA Pty Ltd,42/21.3/0674,716576001,H03A0,S3,Synthroid 100 µg,Levothyroxine Sodium,100,µg,TAB,90,1,74.08,4.45,10.99,89.52,0.99,27-Mar-14,,Originator,
35,125,Abbott Laboratories SA Pty Ltd,42/21.3/0675,716577001,H03A0,S3,Synthroid 112 µg,Levothyroxine Sodium,112,µg,TAB,90,1,79.6,4.78,11.81,96.19,1.07,27-Mar-14,,Originator,
36,125,Abbott Laboratories SA Pty Ltd,H646 Act 101 of 1965,734071001,C08DA,S3,Isoptin  40mg  ,Verapamil,40,mg,TAB,100,1,72.5,11.11,11.7,95.32,0.95,27-Mar-14,,Originator,
37,125,Abbott Laboratories SA Pty Ltd,H647 Act 101 of 1965,734136005,C08DA,S3,Isoptin 2ml  ,Verapamil,5,mg,INJ,5,,115.76,9.62,17.55,142.93,28.59,27-Mar-14,,originator,
38,125,Abbott Laboratories SA Pty Ltd,V/7.1/280,734373007,C08DA,S3,Isoptin SR,Verapamil,240,mg,SRT,30,1,140.06,23.89,22.95,186.9,6.23,27-Mar-14,,Originator,
39,125,Abbott Laboratories SA Pty Ltd,V/7.1/280,734373015,C08DA,S3,Isoptin  SR ,Verapamil,240,mg,TAB,100,1,488.04,58.52,76.51,623.08,6.23,27-Mar-14,,Originator,
40,125,Abbott Laboratories SA Pty Ltd,J/27/334,742317005,M01CC,S4,Metalcaptase ,Penicillamine,300,mg,CAP,100,1,1716.25,100.91,254.4,2071.56,20.72,27-Mar-14,,Originator,
41,125,Abbott Laboratories SA Pty Ltd,B1041 Act 101 of 1965,752649019,N02AA,S6,Paracodin ,Dihydrocodeine,12.1,mg/5ml,SYR,100,1,16.59,3.11,2.76,22.46,0.22,27-Mar-14,,Originator,
42,125,Abbott Laboratories SA Pty Ltd,B1041 Act 101 of 1965,752649027,N02AA,S6,Paracodin ,Dihydrocodeine,12.1,mg/5ml,SYR,200,1,33.17,5.35,5.39,43.91,0.22,27-Mar-14,,Originator,
43,125,Abbott Laboratories SA Pty Ltd,F/1.2/161,757888003,N06AA,S5,Prothiaden,Dosulepin,25,mg,CAP,100,1,173.14,26.08,27.89,227.11,2.27,27-Mar-14,,Originator,
44,125,Abbott Laboratories SA Pty Ltd,R/6.2/149,784869014,C01BC,S4,Rythmol,Propafenone,150,mg,TAB,100,1,514.47,46.75,78.56,639.78,6.4,27-Mar-14,,Originator,
45,125,Abbott Laboratories SA Pty Ltd,R/6.2/150,784877017,C01BC,S4,Rythmol,Propafenone,300,mg,TAB,100,1,1029.44,102.55,158.48,1290.47,12.9,27-Mar-14,,Originator,
46,125,Abbott Laboratories SA Pty Ltd,S/21.10/51,785504001,L02AE,S4,Lucrin  ,Leuprorelin,5,mg/ml,INJ,2.8,1,749.09,48.34,111.64,909.07,324.67,27-Mar-14,,Generic,
47,125,Abbott Laboratories SA Pty Ltd,RX/5.1/252,787736015,R03CA,S1,Ephedrine sulf 1ml ,Ephedrine,50,mg/ml,INJ,1,10,274.16,13.63,40.29,328.08,32.81,1-Jul-14,,Originator,
48,125,Abbott Laboratories SA Pty Ltd,Y/3.1/13,793671019,M01AE,S3,Brufe Retard,Ibuprofen,800,mg,TAB,60,1,257.91,32.21,40.62,330.74,5.51,27-Mar-14,,Originator,
49,125,Abbott Laboratories SA Pty Ltd,2/10.2.2/211,797928006,R07AA,S1,Survanta 8ml ,Beractant,25,mg/ml,INJ,8,1,6493.26,286.93,949.23,7729.42,966.18,27-Mar-14,,Originator,
50,125,Abbott Laboratories SA Pty Ltd,H630 Act 101 of 1965,802638007,C01CA,S1,Phenylephrine HCL  ,Phenylephrine,10,mg/ml,INJ,10,1,547.29,44.34,82.83,674.45,67.45,27-Mar-14,,Originator,
51,125,Abbott Laboratories SA Pty Ltd,H630 Act 101 of 1965,802638008,C01CA,S1,Phenylephedrine,Phenylephrine HCL,10,mg/ml,INJ,5,1,273.65,22.17,41.41,337.23,67.45,27-Mar-14,,Originator,
52,125,Abbott Laboratories SA Pty Ltd,28/7.1.3/0261,805033017,C09AA,S3,Mavik (was Gopten) ,Trandolapril,0.5,mg,CAP,30,1,124.02,13.84,19.31,157.17,5.24,27-Mar-14,,Originator,
53,125,Abbott Laboratories SA Pty Ltd,28/7.1.3/0263,805068015,C09AA,S3,Mavik (was Gopten) ,Trandolapril,2,mg,CAP,30,1,122.63,15.23,19.31,157.17,5.24,27-Mar-14,,Originator,
54,125,Abbott Laboratories SA Pty Ltd,27/7.1/0519,806358009,G04CA,S4,Hytrin ,Terazosin,1,mg,TAB,10,1,78.83,8.61,12.24,99.67,9.97,27-Mar-14,,Originator,
55,125,Abbott Laboratories SA Pty Ltd,27/7.1/0520,806366028,G04CA,S4,Hytrin ,Terazosin,2,mg,TAB,28,1,180.16,19.93,28.02,228.12,8.15,27-Mar-14,,Originator,
56,125,Abbott Laboratories SA Pty Ltd,27/7.1/0521,806374004,G04CA,S4,Hytrin ,Terazosin,5,mg,TAB,28,1,328.72,35.94,51.06,415.71,14.85,27-Mar-14,,Originator,
57,125,Abbott Laboratories SA Pty Ltd,27/21.10/0370,806382007,L02AE,S4,Lucrin 3.75mg,Leuprorelin,3.75,mg,INJ,2,1,1522.93,96.21,226.68,1845.82,922.91,27-Mar-14,,Generic,
58,125,Abbott Laboratories SA Pty Ltd,27/7.1/0522,810207001,G04CA,S4,Hytrin ,Terazosin,10,mg,TAB,28,1,578.51,66.54,90.3,735.35,26.26,27-Mar-14,,Originator,
59,125,Abbott Laboratories SA Pty Ltd,28/20.1.1/0264,813826004,J01FA,S4,Klacid i v,Clarithromycin,500,mg,INJ,10,1,173.03,11.93,25.9,210.86,21.09,27-Mar-14,,Originator,
60,125,Abbott Laboratories SA Pty Ltd,29/2.1/0748,820326003,N01AB,S5,Ultane penbottle,Sevoflurane,250,ml,SLN,250,1,1602.14,102.13,238.6,1942.87,7.77,27-Mar-14,,Originator,
61,125,Abbott Laboratories SA Pty Ltd,Q/20.1.1/248,828769001,D10AF,S4,Eryderm  Top Soln 60ml  ,Erythromycin,1200,mg/60ml,LOT,60,1,85.45,10.65,13.45,109.55,1.83,27-Mar-14,,Originator,
62,125,Abbott Laboratories SA Pty Ltd,28/20.1.1/0035,830046003,J01FA,S4,Klacid P125  ,Clarithromycin,125,mg/5ml,SUS,50,1,90.67,8.62,13.9,113.2,2.26,27-Mar-14,,Originator,
63,125,Abbott Laboratories SA Pty Ltd,29/20.1.1/0190,830054006,J01FA,S4,Klacid P250  ,Clarithromycin,250,mg/5ml,SUS,50,1,157.03,14.93,24.07,196.04,3.92,27-Mar-14,,Originator,
64,125,Abbott Laboratories SA Pty Ltd,F/2.1/115,835773019,N01AB,S5,Ethrane 250ml,Enflurane,250,ml,SLN,250,1,825.04,36.79,120.66,982.5,3.93,27-Mar-14,,Originator,
65,125,Abbott Laboratories SA Pty Ltd,34/20.2.8/0175,836095014,J05AE,S4,Norvir,Ritonavir,100,mg,CAP,84,1,57.38,4.81,8.7,70.9,0.84,27-Mar-14,,Originator,
66,125,Abbott Laboratories SA Pty Ltd,31/7.1.3/0631,836680006,C09BB,S3,Tarka,Verapamil HCL,180,mg,SRC,30,1,236.77,27.74,37.04,301.55,10.05,27-Mar-14,,Generic,
67,125,Abbott Laboratories SA Pty Ltd,31/20.2.8/0217,838527035,J05AE,S4,Norvir,Ritonavir,80,mg/ml,SOL,90,1,49.04,4.21,7.46,60.7,0.67,27-Mar-14,,Originator,
68,125,Abbott Laboratories SA Pty Ltd,31/20.2.2/0379,841552002,J01FA,S4,Klacid XL ,Clarithromycin,500,mg,SRT,5,1,129.96,11.72,19.83,161.51,32.3,27-Mar-14,,Originator,
69,125,Abbott Laboratories SA Pty Ltd,31/20.2.2/0379,841552003,J01FA,S4,Klacid XL 10,Clarithromycin,500,mg,TAB,10,1,267.65,15.71,39.67,323.03,32.3,27-Mar-14,,Originator,
70,125,Abbott Laboratories SA Pty Ltd,33/11.3/0025,847844005,A08AA,S5,Reductil 10  ,Sibutramine,10,mg,CAP,30,1,207.93,25.83,32.73,266.49,8.88,27-Mar-14,,Originator,
71,125,Abbott Laboratories SA Pty Ltd,33/11.3/0026,853534004,A08AA,S5,Reductil 15  ,Sibutramine,15,mg,CAP,30,1,245.24,33.84,39.07,318.16,10.61,27-Mar-14,,Originator,
72,125,Abbott Laboratories SA Pty Ltd,32/21.10/0317,875295002,L02AE,S4,Lucrin  11.25 mg,Leuprorelin,11.25,mg,INJ,2,1,3803.57,245.68,566.9,4616.15,2308.07,27-Mar-14,,Generic,
73,125,Abbott Laboratories SA Pty Ltd,34/30.2/0240,883856005,J06BB,S4,Synagis,Palivizumab,50,mg,INJ,1,1,5998.96,239.96,873.45,7112.37,7112.37,27-Mar-14,,Originator,
74,125,Abbott Laboratories SA Pty Ltd,34/30.2/0241,883864001,J06BB,S4,Synagis,Palivizumab,100,mg,INJ,1,1,9703.83,388.16,1412.87,11504.85,11504.85,27-Mar-14,,Originator,
75,,,,,,,,Trandolapril,2,mg,,,,,,,,,,,,
76,125,Abbott Laboratories SA Pty Ltd,2/10.2.2/211,894184008,R07AA,S1,Survanta 4ml ,Beractant,25,mg/ml,INJ,4,1,3246.02,144.08,474.62,3864.71,966.18,27-Mar-14,,Originator,
77,985,Accord Healthcare (Pty) Ltd,41/26/1003,712643001,L01XX,S4,Irinotas ,Irinotecan hydrochloride ,20,mg/ml,INJ,2,1,292.5,32.5,45.5,370.5,185.25,3-Jul-14,,Generic,
78,985,Accord Healthcare (Pty) Ltd,44/26/0024,712873001,L01XX,S4,Irinotas 100,Irinotecan hydrochloride,20,mg/ml,INJ,5,1,738,82,114.8,934.8,186.96,3-Jul-14,,Generic,
79,985,Accord Healthcare (Pty) Ltd,42/2.6.5/0159,713964001,N05AX,S5,Rispacor 4 ,Risperidone,4,mg,TAB,30,1,804.53,89.39,125.14,1019.06,33.97,3-Jul-14,,Generic,
80,985,Accord Healthcare (Pty) Ltd,42/2.6.5/0158,713965001,N05AX,S5,Rispacor 3,Risperidone,3,mg,TAB,30,1,502.1,55.79,78.11,636,21.2,16-Jul-14,,Generic,
81,985,Accord Healthcare (Pty) Ltd,42/2.6.5/0157,713966001,N05AX,S5,Rispacor 2,Risperidone,2,mg,TAB,30,1,361.33,40.15,56.2,457.68,15.26,3-Jul-14,,Generic,
82,985,Accord Healthcare (Pty) Ltd,42/2.6.5/0156,713967001,N05AX,S5,Rispacor 1,Risperidone,1,mg,TAB,30,1,213.11,23.68,33.15,269.94,9,3-Jul-14,,Generic,
83,985,Accord Healthcare (Pty) Ltd,41/7.1/0659,713971001,C08CA,S3,Amtas 5 ,Amlodipine Besilate,5,mg,TAB,30,1,46.19,5.13,7.18,58.5,1.95,16-Jul-14,,Generic,
84,985,Accord Healthcare (Pty) Ltd,41/7.1/0660,713972001,C08CA,S3,Amtas 10 ,Amlodipine Besilate,10,mg,TAB,30,1,72.75,8.08,11.32,92.15,3.07,16-Jul-14,,Generic,
85,985,Accord Healthcare (Pty) Ltd,42/2.6.5/0155,714101001,N05AX,S5,Rispacor 0.5,Risperidone,0.5,mg,TAB,30,1,111.45,12.38,17.33,141.16,4.71,3-Jul-14,,Generic,
86,985,Accord Healthcare (Pty) Ltd,41/21.2/0640,714426001,A10BA,S3,Accord Metformin 850,Metformin Hydrochloride,850,mg,TAB,60,1,29.37,3.26,4.57,37.2,0.62,3-Jul-14,,Generic,
87,985,Accord Healthcare (Pty) Ltd,41/21.2/0639,714427001,A10BA,S3,Accord Metformin 500,Metformin Hydrochloride,500,mg,TAB,100,1,27.09,3.01,4.21,34.31,0.34,3-Jul-14,,Generic,
88,985,Accord Healthcare (Pty) Ltd,42/26/0089,715322001,L01BC,S4,Cytigem 200 mg ,Gemcitabine Hydrochloride,200,mg/10ml,INJ,10,1,234.4,26.04,36.46,296.9,29.69,29-Oct-14,,Generic,
89,985,Accord Healthcare (Pty) Ltd,42/26/0902,715323001,L01BC,S4,Cytigem 1 g ,Gemcitabine Hydrochloride,1,g/50ml,INJ,50,1,1171.97,130.22,182.31,1484.5,29.69,29-Oct-14,,Generic,
90,985,Accord Healthcare (Pty) Ltd,42/21.12/0259,715703001,L02BG,S4,Accord Anastrozole,Anastrozole,1,mg,TAB,30,1,444.24,49.36,69.1,562.7,18.76,16-Jul-14,,Generic,
91,985,Accord Healthcare (Pty) Ltd,42/21.12/0323,715704001,L02BG,S4,"Accord Letrozole 2,5 mg",Letrozole,2.5,mg,TAB,30,1,350.46,38.94,54.52,443.92,14.8,15-Aug-14,,Generic,
92,985,Accord Healthcare (Pty) Ltd,42/21.12/0431,715705001,L02BB,S4,Accord Bicalutamide 50 mg,Bicalutamide,50,mg,TAB,30,1,422.37,46.93,65.7,535,17.83,16-Jul-14,,Generic,
93,985,Accord Healthcare (Pty) Ltd,42/7.5/0372,715709001,C10AA,S4,Pixeta 10,Pravastatin Sodium,10,mg,TAB,30,1,104.38,11.6,16.24,132.22,4.41,3-Jul-14,,Generic,
94,985,Accord Healthcare (Pty) Ltd,42/7.5/0373,715710001,C10AA,S4,Pixeta 20,Pravastatin Sodium,20,mg,TAB,30,1,114.37,12.71,17.79,144.87,4.83,3-Jul-14,,Generic,
95,985,Accord Healthcare (Pty) Ltd,42/7.5/0358,715711001,C10AA,S4,Pixeta 40,Pravastatin Sodium,40,mg,TAB,30,1,157.58,17.51,24.51,199.6,6.65,3-Jul-14,,Generic,
96,985,Accord Healthcare (Pty) Ltd,42/3.2/1015,715712001,M05BA,S4,Ostena 10,Alendronate Sodium ,10,mg,TAB,28,1,146.14,16.24,22.73,185.11,6.61,3-Jul-14,,Generic,
97,985,Accord Healthcare (Pty) Ltd,42/3.2/1016,715713001,M05BA,S3,Ostena 70,Alendronate Sodium,70,mg,TAB,4,1,134.51,14.94,20.92,170.37,42.59,3-Jul-14,,Generic,
98,985,Accord Healthcare (Pty) Ltd,42/21.12/0324,715718001,L02BG,S4,Laradex,Letrozole,2.5,mg,TAB,30,1,742.34,82.48,115.48,940.3,31.34,3-Jul-14,,Generic,
99,985,Accord Healthcare (Pty) Ltd,42/21.12/0324,715718001,L02BG,S4,Laradex,Letrozole,2.5,mg,TAB,30,1,742.34,82.48,115.48,940.3,31.34,3-Jul-14,,Generic,
100,985,Accord Healthcare (Pty) Ltd,42/21.12/0260,715720001,L02BG,S4,Stradexa,Anastrozole,1,mg,TAB,30,1,396.9,44.1,61.74,502.74,16.76,6-Nov-14,,Generic,
101,985,Accord Healthcare (Pty) Ltd,42/21.12/0430,715721001,L02BB,S4,Caloxa 50 mg,Bicalutamide,50,mg,TAB,30,1,394.2,43.8,61.32,499.32,16.64,6-Nov-14,,Generic,
102,985,Accord Healthcare (Pty) Ltd,42/7.3/0356,715852001,N02CC,S4,Accord Sumatriptan 50 mg,Sumatriptan ,50,mg,TAB,2,1,65.04,7.23,10.12,82.39,41.2,3-Jul-14,,Generic,
103,985,Accord Healthcare (Pty) Ltd,42/7.3/0357,715853001,N02CC,S4,Accord Sumatriptan 100 mg,Sumatriptan,100,mg,TAB,4,1,157.46,17.5,24.49,199.45,49.86,3-Jul-14,,Generic,
104,985,Accord Healthcare (Pty) Ltd,42/3.2/1013,715854001,M05BA,S3,Accord Alendronate 10,Alendronic Acid,10,mg,TAB,28,1,149.24,16.58,23.21,189.03,6.75,3-Jul-14,,Generic,
105,985,Accord Healthcare (Pty) Ltd,42/3.2/1014,715855001,M05BA,S3,Accord Alendronate 70,Alendronic Acid,70,mg,TAB,4,1,164.67,18.3,25.61,208.58,52.15,3-Jul-14,,Generic,
106,985,Accord Healthcare (Pty) Ltd,42/7.1.3/0325,715856001,C09DA,S3,"Losaar Plus 50/12,5",Losartan Potassium ,50,mg,TAB,30,1,57.24,6.36,8.9,72.5,2.42,3-Jul-14,,Generic,
107,,,,,,,,Hydrochlorothiazide,12.5,mg,,,,,,,,,,,,
108,985,Accord Healthcare (Pty) Ltd,42/7.1.3/0326,715857001,C09DA,S3,Losaar Plus 100/25,Losartan Potassium ,100,mg,TAB,30,1,61.74,6.86,9.6,78.2,2.61,3-Jul-14,,Generic,
109,,,,,,,,Hydrochlorothiazide,25,mg,,,,,,,,,,,,
110,985,Accord Healthcare (Pty) Ltd,41/11.4.3/0663,715885001,A02BC,S4,Accord Omeprazole 40 mg Injection,Omeprazole,40,mg,INJ,1,1,31.86,3.54,4.95,40.35,40.35,3-Jul-14,,Generic,
111,985,Accord Healthcare (Pty) Ltd,42/26/0153,716228001,L01DB,S4,Accord Epirubicin 10,Epirubicin Hydrochloride,2,mg/ml,INJ,5,1,107.68,11.96,16.75,136.39,27.28,3-Jul-14,,Generic,
112,985,Accord Healthcare (Pty) Ltd,42/26/0900,716239001,L01DB,S4,Accord Epirubicin 50,Epirubicin Hydrochloride,2,mg/ml,INJ,25,1,454.89,50.54,70.76,576.19,23.05,3-Jul-14,,Generic,
113,985,Accord Healthcare (Pty) Ltd,42/26/0152,716240001,L01DB,S4, Epicord 10,Epirubicin Hydrochloride,2,mg/ml,INJ,5,1,101.76,11.31,15.83,128.89,25.78,3-Jul-14,,Generic,
114,985,Accord Healthcare (Pty) Ltd,42/26/0897,716241001,L01DB,S4, Epicord 50,Epirubicin Hydrochloride,2,mg/ml,INJ,25,1,508.82,56.54,79.15,644.5,25.78,3-Jul-14,,Generic,
115,985,Accord Healthcare (Pty) Ltd,41/21.2/0656,716714001,A10BB,S3,Accord Glimepiride 1 mg,Glimepiride ,1,mg,TAB,30,1,34.34,3.81,5.34,43.49,1.45,3-Jul-14,,Generic,
116,985,Accord Healthcare (Pty) Ltd,41/21.2/0657,716715001,A10BB,S3,Accord Glimepiride 2 mg,Glimepiride ,2,mg,TAB,30,1,67.93,7.55,10.57,86.05,2.87,3-Jul-14,,Generic,
117,985,Accord Healthcare (Pty) Ltd,41/21.2/0658,716716001,A10BB,S3,Accord Glimepiride 4 mg,Glimepiride ,4,mg,TAB,30,1,107.29,11.92,16.69,135.9,4.53,3-Jul-14,,Generic,
118,985,Accord Healthcare (Pty) Ltd,43/21.12/0056,716739001,G04CB,S4,Accord Finasteride 5 mg ,Finasteride,5,mg,TAB,30,1,161.07,17.9,25.05,204.02,6.8,3-Jul-14,,Generic,
119,985,Accord Healthcare (Pty) Ltd,43/21.12/0058,716741001,G04CB,S4,Intas Finasteride 5 mg ,Finasteride,5,mg,TAB,30,1,142.38,15.82,22.15,180.35,6.01,3-Jul-14,,Generic,
120,985,Accord Healthcare (Pty) Ltd,44/26/0374,717008001,L01CD,S4,Paxitas 30,Paclitaxel,30,mg/5ml,INJ,5,1,126.35,14.04,19.66,160.05,32.01,26-Nov-14,,Generic,
121,985,Accord Healthcare (Pty) Ltd,44/26/0375,717009001,L01CD,S4,Paxitas 100,Paclitaxel ,100,mg/16.7ml,INJ,16.7,1,422.03,46.89,65.65,534.57,32.01,26-Nov-14,,Generic,
122,985,Accord Healthcare (Pty) Ltd,44/26/0376,717011001,L01CD,S4,Paxitas 300,Paclitaxel ,300,mg/50ml,INJ,50,1,1263.55,140.39,196.55,1600.5,32.01,26-Nov-14,,Generic,
123,985,Accord Healthcare (Pty) Ltd,42/5.10/0891,717049001,A04AA,S4,Alepet 4,Ondansetron ,4, mg/2ml,INJ,2,5,50.92,5.66,7.92,64.5,6.45,19-Nov-14,,Generic,
124,985,Accord Healthcare (Pty) Ltd,42/5.10/0892,717050001,A04AA,S4,Alepet 8,Ondansetron ,8, mg/4ml,INJ,4,5,101.84,11.32,15.84,129,6.45,19-Nov-14,,Generic,
125,985,Accord Healthcare (Pty) Ltd,44/26/0380,717829001,L01XA,S4,Intas Oxaliplatin 50,Oxaliplatin ,5,mg/ml,INF,10,1,769.05,85.45,119.63,974.13,97.41,9-Jul-14,,Generic,
126,985,Accord Healthcare (Pty) Ltd,42/26/1066,717830001,L01XA,S4,Intas Oxaliplatin 100,Oxaliplatin ,5,mg/ml,INF,20,1,1538.1,170.9,239.26,1948.26,97.41,9-Jul-14,,Generic,
127,985,Accord Healthcare (Pty) Ltd,44/26/0964,718095001,L01AX,S4,Temintas 5,Temozolomide,5,mg,CAP,5,1,70.2,7.8,10.92,88.92,17.78,3-Jul-14,,Generic,
128,985,Accord Healthcare (Pty) Ltd,44/26/0965,718096001,L01AX,S4,Temintas 20,Temozolomide,20,mg,CAP,5,1,280.8,31.2,43.68,355.68,71.14,3-Jul-14,,Generic,
129,985,Accord Healthcare (Pty) Ltd,44/26/0966,718097001,L01AX,S4,Temintas 100,Temozolomide,100,mg,CAP,5,1,1404,156,218.4,1778.4,355.68,3-Jul-14,,Generic,
130,985,Accord Healthcare (Pty) Ltd,44/26/0967,718098001,L01AX,S4,Temintas 250,Temozolomide,250,mg,CAP,5,1,3510,390,546,4446,889.2,3-Jul-14,,Generic,
131,985,Accord Healthcare (Pty) Ltd,44/26/0960,718133001,L01AX,S4,Accord Temozolomide 5,Temozolomide,5,mg,CAP,5,1,76.73,8.53,11.93,97.19,19.44,3-Jul-14,,Generic,
132,985,Accord Healthcare (Pty) Ltd,44/26/0961,718134001,L01AX,S4,Accord Temozolomide 20,Temozolomide,20,mg,CAP,5,1,306.88,34.1,47.73,388.71,77.74,3-Jul-14,,Generic,
133,985,Accord Healthcare (Pty) Ltd,44/26/0962,718135001,L01AX,S4,Accord Temozolomide 100,Temozolomide,100,mg,CAP,5,1,1534.41,170.49,238.67,1943.57,388.71,3-Jul-14,,Generic,
134,985,Accord Healthcare (Pty) Ltd,44/26/0963,718136001,L01AX,S4,Accord Temozolomide 250 ,Temozolomide,250,mg,CAP,5,1,3836,426.22,596.71,4858.93,971.79,3-Jul-14,,Generic,
135,985,Accord Healthcare (Pty) Ltd,44/26/0381,718138001,L01XA,S4,Accord Oxaliplatin 50,Oxaliplatin ,50,mg,INF,10,1,773.69,85.96,120.35,980,98,16-Jul-14,,Generic,
136,985,Accord Healthcare (Pty) Ltd,42/26/1065,718139001,L01XA,S4,Accord Oxaliplatin 100,Oxaliplatin ,100,mg,INF,20,1,1547.37,171.93,240.7,1960,98,16-Jul-14,,Generic,
137,985,Accord Healthcare (Pty) Ltd,43/21.12/0055,718147001,L01XA,S4,Profina ,Finasteride,1,mg,TAB,30,1,90.08,10.01,14.01,114.1,3.8,3-Jul-14,,Generic,
138,985,Accord Healthcare (Pty) Ltd,43/21.2/0140,718148001,L01AX,S3,Accord Pioglitazone 15,Pioglitazone,15,mg,TAB,30,1,60.08,6.68,9.35,76.11,2.54,3-Jul-14,,Generic,
139,985,Accord Healthcare (Pty) Ltd,43/21.2/0141,718150001,L01AX,S3,Accord Pioglitazone 30,Pioglitazone,30,mg,TAB,30,1,100.89,11.21,15.69,127.79,4.26,3-Jul-14,,Generic,
140,985,Accord Healthcare (Pty) Ltd,43/21.2/0142,718151001,L01AX,S3,Accord Pioglitazone 45,Pioglitazone,45,mg,TAB,30,1,160.67,17.85,24.99,203.51,6.78,3-Jul-14,,Generic,
141,985,Accord Healthcare (Pty) Ltd,45/1.3.2/0225,718535001,N07BB,S4,Naltima,Naltrexone hydrochloride,50,mg,TAB,28,1,585.52,65.06,91.08,741.66,26.49,3-Jul-14,,Generic,
142,985,Accord Healthcare (Pty) Ltd,44/26/0556,719395001,L01CD,S4,Axtere 20 ,Docetaxel,20,mg/2ml,INF,2,1,534.03,59.34,83.07,676.44,338.22,3-Jul-14,,Generic,
143,985,Accord Healthcare (Pty) Ltd,44/26/0557,719396001,L01CD,S4,Axtere 80 ,Docetaxel,80,mg/8ml,INF,8,1,2136.16,237.35,332.29,2705.8,338.22,3-Jul-14,,Generic,
144,985,Accord Healthcare (Pty) Ltd,44/1.2/0851,719547001,N06AB,S5,Accord Escitalopram 10 ,Escitalopram,10,mg ,TAB,28,1,43.63,4.85,6.79,55.27,1.97,3-Jul-14,,Generic,
145,985,Accord Healthcare (Pty) Ltd,44/1.2/0852,719548001,N06AB,S5,Accord Escitalopram 20 ,Escitalopram,20,mg ,TAB,28,1,60.65,6.74,9.43,76.82,2.74,3-Jul-14,,Generic,
146,985,Accord Healthcare (Pty) Ltd,43/5.4.1/0506,719569001,N04BC,S4,Accord Ropinirole 0.25 mg,Ropinirole HCI,0.25,mg ,TAB,84,1,64.42,7.16,10.02,81.6,0.97,3-Jul-14,,Generic,
147,985,Accord Healthcare (Pty) Ltd,43/5.4.1/0505,719570001,N04BC,S4,Accord Ropinirole 0.5 mg,Ropinirole HCI,0.5,mg ,TAB,84,1,107.37,11.93,16.7,136,1.62,3-Jul-14,,Generic,
148,985,Accord Healthcare (Pty) Ltd,43/5.4.1/0507,719571001,N04BC,S4,Accord Ropinirole 1 mg,Ropinirole HCI,1,mg ,TAB,84,1,160.86,17.87,25.02,203.75,2.43,3-Jul-14,,Generic,
149,985,Accord Healthcare (Pty) Ltd,43/5.4.1/0508,719572001,N04BC,S4,Accord Ropinirole 2 mg,Ropinirole HCI,2,mg ,TAB,84,1,250.76,27.86,39,317.62,3.78,3-Jul-14,,Generic,
150,985,Accord Healthcare (Pty) Ltd,43/5.4.1/0509,719573001,N04BC,S4,Accord Ropinirole 5 mg,Ropinirole HCI,5,mg ,TAB,84,1,412.28,45.81,64.13,522.22,6.22,3-Jul-14,,Generic,
151,985,Accord Healthcare (Pty) Ltd,42/26/0327,719621001,N05CD,S5,Accord Midazolam 15 mg/3 ml,Midazolam,15,mg/3ml,INJ,3,10,118.3,13.14,18.4,149.84,4.99,3-Jul-14,,Generic,
152,985,Accord Healthcare (Pty) Ltd,42/26/0328,719622001,N05CD,S5,Accord Midazolam 50 mg/10 ml,Midazolam,50,mg/10ml,INJ,10,1,42.77,4.75,6.65,54.17,5.42,3-Jul-14,,Generic,
153,985,Accord Healthcare (Pty) Ltd,42/26/0329,719623001,N05CD,S5,Accord Midazolam 5 mg/5 ml,Midazolam,5,mg/5ml,INJ,5,10,77.63,8.62,12.07,98.32,1.97,3-Jul-14,,Generic,
154,985,Accord Healthcare (Pty) Ltd,43/26/1019,720381001,L01XA,S4,Cisacor 10,Cisplatin,1,mg/ml,INF,10,1,18.16,2.02,2.82,23,2.3,20-Aug-14,,Generic,
155,985,Accord Healthcare (Pty) Ltd,43/26/1021,720382001,L01XA,S4,Cisacor 50 ,Cisplatin,1,mg/ml,INF,50,1,90.79,10.09,14.12,115,2.3,20-Aug-14,,Generic,
156,985,Accord Healthcare (Pty) Ltd,44/26/0377,720614001,L01CD,S4,Accord Paclitaxel 30,Paclitaxel,30,mg/5ml,INJ,5,1,130.27,14.47,20.26,165,33,5-Nov-14,,Generic,
157,985,Accord Healthcare (Pty) Ltd,44/26/0378,720616001,L01CD,S4,Accord Paclitaxel 100,Paclitaxel ,100,mg/16.7ml,INJ,16.7,1,435.08,48.34,67.68,551.1,33,5-Nov-14,,Generic,
158,985,Accord Healthcare (Pty) Ltd,44/26/0379,720617001,L01CD,S4,Accord Paclitaxel 300,Paclitaxel ,300,mg/50ml,INJ,50,1,1302.63,144.74,202.63,1650,33,5-Nov-14,,Generic,
159,1110,Actor Pharma (Pty) Ltd,41/20.1.1/0043,715059001,J01DC,S4,AUROPROZIL 250 mg,Cefprozil monohydrate,250,mg,TAB,10,1,85.06,7.23,12.92,105.21,10.52,2-Jun-14,,Generic,
160,1110,Actor Pharma (Pty) Ltd,41/20.1.1/0044,715075001,J01DC,S4,AUROPROZIL 500 mg,Cefprozil monohydrate,500,mg,TAB,10,1,140.52,11.94,21.34,173.8,17.38,2-Jun-14,,Generic,
161,1110,Actor Pharma (Pty) Ltd,41/20.1.1/0752,715142001,J01DC,S4,ZINOXIME 250 mg,Cefuroxime Axetil,250,mg,TAB,10,1,79.97,6.8,12.15,98.92,9.89,2-Jun-14,,Generic,
162,1110,Actor Pharma (Pty) Ltd,41/20.1.1/0753,715261001,J01DC,S4,ZINOXIME 500 mg,Cefuroxime Axetil,500,mg,TAB,10,1,147.46,12.53,22.4,182.39,18.24,2-Jun-14,,Generic,
163,1110,Actor Pharma (Pty) Ltd,41/7.1.3/0110,716120001,C09BA,S3,AURO LISINOPRIL CO 10 mg,Lisinopril,10,mg,TAB,30,1,52.63,4.47,7.99,65.09,2.17,2-Jun-14,,Generic,
164,,,,,,,,Hydrochlorothiazide,12.5,mg,,,,,,,,,,,,
165,1110,Actor Pharma (Pty) Ltd,41/7.1.3/0111,716121001,C09BA,S3,AURO LISINOPRIL CO 20 mg,Lisinopril,20,mg,TAB,30,1,81.53,6.93,12.38,100.84,3.36,2-Jun-14,,Generic,
166,,,,,,,,Hydrochlorothiazide,12.5,mg,,,,,,,,,,,,
167,1110,Actor Pharma (Pty) Ltd,41/20.1.2/0687,716122001,J01CA,S4,YOMAX 250 mg,Amoxycillin Trihydrate,250,mg,CAP,500,1,155.31,13.2,23.59,192.1,0.38,2-Jun-14,,Generic,
168,1110,Actor Pharma (Pty) Ltd,41/20.1.2/0688,716123001,J01CA,S4,YOMAX 500 mg,Amoxycillin Trihydrate,500,mg,CAP,100,1,64.24,5.46,9.76,79.46,0.79,2-Jun-14,,Generic,
169,1110,Actor Pharma (Pty) Ltd,41/20.1.2/0532,716124001,J01CR,S4,BINDOCLAV 375 mg,Amoxicillin Trihydrate,250,mg,TAB,15,1,32.36,2.75,4.92,40.03,2.67,2-Jun-14,,Generic,
170,,,,,,,,Potassium Clavulanate,125,mg,,,,,,,,,,,,
171,1110,Actor Pharma (Pty) Ltd,41/20.1.2/0533,716125001,J01CR,S4,BINDOCLAV 625 mg,Amoxicillin Trihydrate,500,mg,TAB,15,1,51.96,4.42,7.89,64.27,4.28,2-Jun-14,,Generic,
172,,,,,,,,Potassium Clavulanate,125,mg,,,,,,,,,,,,
173,1110,Actor Pharma (Pty) Ltd,41/20.1.2/0534,716126001,J01CR,S4,BINDOCLAV 1000 mg,Amoxicillin Trihydrate,875,mg,TAB,10,1,99.3,8.44,15.08,122.82,12.28,2-Jun-14,,Generic,
174,,,,,,,,Potassium Clavulanate,125,mg,,,,,,,,,,,,
175,1110,Actor Pharma (Pty) Ltd,44/10.1/0927,718049001,R05CB,S2,MUCATAK 200 EFFERVESCENT TABLETS,Acetylcysteine,200,mg,EFT,25,1,44.34,3.55,6.7,54.59,2.18,2-Jun-14,,Generic,
176,1110,Actor Pharma (Pty) Ltd,44/10.1/0928,718050001,R05C0,S2,MUCATAK 600 EFFERVESCENT TABLETS,Acetylcysteine,600,mg,EFT,10,1,45.18,3.61,6.83,55.62,5.56,20-Dec-12,,Generic,
177,1110,Actor Pharma (Pty) Ltd,45/34/0435,719858001,M05BA,S4,ZOMABON,Zoledronic Acid,4,mg/5ml,INF,5,1,1361.1,108.89,205.8,1675.79,335.16,26-Aug-14,,Generic,
178,1110,ACTOR PHARMA (PTY) LTD,46/8.3/0849,719989001,B03AC,S3,RAUTEVENE,iron,100,mg/5 ml,INJ,5,5,476.5,38.12,72.05,586.67,23.47,22-Aug-14,,Generic,
179,1110,Actor Pharma (Pty) Ltd,33/21.8.2/0471,880612002,G03AC,S2,NORLEVO,Levonorgestrel,0.75,mg,TAB,2,1,36.92,3.69,5.69,46.3,23.15,2-Jun-14,,Originator,
180,665,Adcock Ingram Critical Care (Pty) Ltd,30/20.1.2/0463,700609003,J01CA,S4,Adco Piperacillin 2G/20Ml,Piperacillin,2,g/1000ml,POW,5,,148.77,17.29,23.25,189.31,1.88,30-Apr-14,Discontinued,Generic,
181,665,Adcock Ingram Critical Care (Pty) Ltd,30/20.1.2/0463,700609004,J01CA,S4,Sabax Piperacillin 2G/20Ml,Piperacillin,2,g/1000ml,POW,1,,29.75,3.46,4.65,37.86,1.88,30-Apr-14,Discontinued,Generic,
182,665,Adcock Ingram Critical Care (Pty) Ltd,30/20.1.2/0464,700611005,J01CA,S4,Sabax Piperacillin 4G/50Ml,Piperacillin,4,g/1000ml,POW,1,,268.58,31.21,41.97,341.75,6.84,30-Apr-14,Discontinued,Generic,
183,665,Adcock Ingram Critical Care (Pty) Ltd,E875 (Act 101/1965),701386002,B05XA,S3,Sabax Plasmalyte B (1000Ml),Magnesium Chloride,0.3,g/1000ml,INF,1000,6,20.28,2.35,3.17,25.79,0,30-Apr-14,,Originator,
184,,,,,,,,Potassium chloride,0.3,g/1000ml,,,,,,,,,,,,
185,,,,,,,,Sodium bicarbonate,2.3,g/1000ml,,,,,,,,,,,,
186,,,,,,,,Sodium chloride,6,g/1000ml,,,,,,,,,,,,
187,665,Adcock Ingram Critical Care (Pty) Ltd,E875 (Act 101/1965),701386003,B05XA,S3,Sabax Plasmalyte B (1000Ml),Sodium Chloride,6,g/1000ml,INF,1000,6,22.23,2.58,3.47,28.28,0,30-Apr-14,,Originator,
188,,,,,,,,Sodium bicarbonate,2.3,g/1000ml,,,,,,,,,,,,
189,,,,,,,,Magnesium chloride,0.3,g/1000ml,,,,,,,,,,,,
190,,,,,,,,Potassium chloride,0.3,g/1000ml,,,,,,,,,,,,
191,665,Adcock Ingram Critical Care (Pty) Ltd,E875 (Act 101/1965),701386004,B05XA,S3,Sabax Plasmalyte B (1000Ml),Sodium Chloride,6,g/1000ml,INF,1000,10,206.96,24.05,32.34,263.36,0.03,30-Apr-14,,Originator,
192,,,,,,,,Sodium bicarbonate,2.3,g/1000ml,,,,,,,,,,,,
193,,,,,,,,Magnesium chloride,0.3,g/1000ml,,,,,,,,,,,,
194,,,,,,,,Potassium chloride,0.3,g/1000ml,,,,,,,,,,,,
195,665,Adcock Ingram Critical Care (Pty) Ltd,D/24/208,701395003,B05XA,S3,Sabax Ringer-Lactate 2000ml,Calcium chloride,0.27,g/1000ml,INF,2000,5,29.97,3.47,4.68,38.12,0,30-Apr-14,,Originator,
196,,,,,,,,Potassium chloride,0.4,g/1000ml,,,,,,,,,,,,
197,,,,,,,,Sodium chloride,6,g/1000ml,,,,,,,,,,,,
198,,,,,,,,Sodium lactate,3.2,g/1000ml,,,,,,,,,,,,
199,665,Adcock Ingram Critical Care (Pty) Ltd,D/24/208,701395004,B05XA,S3,Sabax Ringer-Lactate 2000Ml,Sodium Chloride,6,g/1000ml,INF,2000,1,34.04,3.96,5.32,43.31,0.02,30-Apr-14,,Originator,
200,,,,,,,,Sodium lactate,3.2,g/1000ml,,,,,,,,,,,,
201,,,,,,,,Potassium chloride,0.4,g/1000ml,,,,,,,,,,,,
202,,,,,,,,Calcium chloride,0.27,g/1000ml,,,,,,,,,,,,
203,665,Adcock Ingram Critical Care (Pty) Ltd,D/24/208,701395005,B05XA,S3,Sabax Ringer-Lactate (2000Ml),Sodium Chloride,6,g/1000ml,INF,2000,5,158.46,18.41,24.76,201.64,0.02,30-Apr-14,,Originator,
204,,,,,,,,Sodium lactate,3.2,g/1000ml,,,,,,,,,,,,
205,,,,,,,,Potassium chloride,0.4,g/1000ml,,,,,,,,,,,,
206,,,,,,,,Calcium chloride,0.27,g/1000ml,,,,,,,,,,,,
207,665,Adcock Ingram Critical Care (Pty) Ltd,36/20.1.1/0325,703272001,J01DC,S4,Adco-Cefoxitin 1g ,Cefoxitin,1,g,INJ,1,,21.75,2.53,3.4,27.68,27.68,30-Apr-14,,Generic,
208,665,Adcock Ingram Critical Care (Pty) Ltd,36/20.1.1/0325,703272002,J01DC,S4,Adco-Cefoxitin 1G ,Cefoxitin,1,g,INJ,10,,217.55,25.28,34,276.83,27.68,30-Apr-14,Discontinued,Generic,
209,665,Adcock Ingram Critical Care (Pty) Ltd,36/20.1.1/0260,703368001,J01DB,S4,Sabax Cefazolin 1g Injection,Cefazolin,1,g,POW,1,,12.14,1.41,1.9,15.45,15.45,30-Apr-14,,Generic,
210,665,Adcock Ingram Critical Care (Pty) Ltd,D/24/208,703437001,B05XA,S3,Sabax Ringer-Lactate 500Ml,Calcium Chloride,0.27,g,INF,500,1,11.88,1.38,1.86,15.11,0.03,30-Apr-14,,Originator,
211,,,,,,,,Potassium chloride,0.4,g,,,,,,,,,,,,
212,,,,,,,,Sodium chloride,6,g,,,,,,,,,,,,
213,,,,,,,,Sodium lactate,3.2,g,,,,,,,,,,,,
214,665,Adcock Ingram Critical Care (Pty) Ltd,D/24/208,703437002,B05XA,S3,Sabax Ringer-Lactate (500Ml),Calcium Chloride,0.27,g,INF,500,18,199.07,23.13,31.11,253.32,0.03,30-Apr-14,,Originator,
215,,,,,,,,Potassium chloride,0.4,g,,,,,,,,,,,,
216,,,,,,,,Sodium lactate,3.2,g,,,,,,,,,,,,
217,,,,,,,,Sodium chloride,6,g,,,,,,,,,,,,
218,665,Adcock Ingram Critical Care (Pty) Ltd,37/20.1.1/0042,703463003,J01DD,S4,Adco Ceftriaxone 500mg,Ceftriaxone,500,mg,INJ,1,,14.98,1.74,2.34,19.06,19.06,30-Apr-14,,Generic,
219,665,Adcock Ingram Critical Care (Pty) Ltd,37/20.1.1/0042,703463004,J01DD,S4,Adco Ceftriaxone 500mg,Ceftriaxone,500,mg,INJ,10,,149.79,17.41,23.41,190.6,19.06,30-Apr-14,,Generic,
220,665,Adcock Ingram Critical Care (Pty) Ltd,37/20.1.1/0044,703466006,J01DD,S4,Adco Ceftriaxone 2g,Ceftriaxone,2,g,INJ,1,,33.51,3.89,5.24,42.64,42.64,30-Apr-14,,Generic,
221,665,Adcock Ingram Critical Care (Pty) Ltd,37/20.1.1/0044,703466007,J01DD,S4,Adco Ceftriaxone 2g,Ceftriaxone,2,g,INJ,5,,167.57,19.47,26.19,213.22,42.64,30-Apr-14,,Generic,
222,665,Adcock Ingram Critical Care (Pty) Ltd,35/10.2.1/0004,703469003,R03AC,S3,Sabax Nebrafen,Ipratropium Bromide,0.5,mg/4ml,SOL,60,1,289.49,33.64,45.24,368.36,6.14,30-Apr-14,,Generic,
223,,,,,,,,Fenoterol,1.25,mg/4ml,,,,,,,,,,,,
224,665,Adcock Ingram Critical Care (Pty) Ltd,37/20.1.1/0043,703474002,J01DD,S4,Adco Ceftriaxone 1g,Ceftriaxone,1,g,INJ,1,,10.55,1.23,1.65,13.42,13.42,30-Apr-14,,Generic,
225,665,Adcock Ingram Critical Care (Pty) Ltd,37/20.1.1/0043,703474003,J01DD,S4,Adco Ceftriaxone 1g,Ceftriaxone,1,g,INJ,10,,105.5,12.26,16.49,134.24,13.42,30-Apr-14,,Generic,
226,665,Adcock Ingram Critical Care (Pty) Ltd,S/34/106,703794001,B05XA,S3,Sabax Dianeal 2.5,Calcium chloride dihydrate,257,mg/1000ml,SOL,2500,1,59.93,6.96,9.36,76.26,0.03,30-Apr-14,,Originator,
227,,,,,,,,Glucose,25,g/1000ml,,,,,,,,,,,,
228,,,,,,,,Magnesium chloride,50.8,g/1000ml,,,,,,,,,,,,
229,,,,,,,,Sodium chloride,5.38,g/1000ml,,,,,,,,,,,,
230,,,,,,,,Sodium lactate,4.48,g/1000ml,,,,,,,,,,,,
231,665,Adcock Ingram Critical Care (Pty) Ltd,S/34/106,703794002,B05XA,S3,Sabax Dianeal 2.5,Calcium chloride dihydrate,257,mg/1000ml,SOL,2500,4,239.72,27.86,37.46,305.03,0.03,30-Apr-14,,Originator,
232,,,,,,,,Magnesium chloride,50.8,g/1000ml,,,,,,,,,,,,
233,,,,,,,,Glucose,25,g/1000ml,,,,,,,,,,,,
234,,,,,,,,Sodium chloride,5.38,g/1000ml,,,,,,,,,,,,
235,,,,,,,,Sodium lactate,4.48,g/1000ml,,,,,,,,,,,,
236,665,Adcock Ingram Critical Care (Pty) Ltd,29/34/0327,703795001,B05XA,S3,Sabax Dianeal Normal Calcium with  4.25% Glucose,Calcium chloride,182.83,mg/1000ml,DIA,2500,1,59.75,6.94,9.34,76.04,0.03,30-Apr-14,,Originator,
237,,,,,,,,Glucose,42.5,g/1000ml,,,,,,,,,,,,
238,,,,,,,,Magnesium chloride,0.0508,g/1000ml,,,,,,,,,,,,
239,,,,,,,,Sodium chloride,5.38,g/1000ml,,,,,,,,,,,,
240,,,,,,,,Sodium lactate,4.48,g/1000ml,,,,,,,,,,,,
241,665,Adcock Ingram Critical Care (Pty) Ltd,29/34/0326,703797001,B05XA,S3,"Sabax Dianeal Normal Calcium with 2,5% Glucose",Calcium chloride,182.83,mg/1000ml,DIA,2500,1,58.05,6.75,9.07,73.86,0.03,30-Apr-14,,Originator,
242,,,,,,,,Glucose,15,g/1000ml,,,,,,,,,,,,
243,,,,,,,,Magnesium chloride,150,g/1000ml,,,,,,,,,,,,
244,,,,,,,,Sodium chloride,5.6,g/1000ml,,,,,,,,,,,,
245,,,,,,,,Sodium lactate,5,g/1000ml,,,,,,,,,,,,
246,665,Adcock Ingram Critical Care (Pty) Ltd,29/34/0326,703797002,B05XA,S3,"Sabax Dianeal Normal Calcium with 2,5% Glucose",Calcium chloride,182.83,mg/1000ml,DIA,2500,4,232.19,26.98,36.28,295.46,0.03,30-Apr-14,,Originator,
247,,,,,,,,Magnesium chloride,150,g/1000ml,,,,,,,,,,,,
248,,,,,,,,Glucose,15,g/1000ml,,,,,,,,,,,,
249,,,,,,,,Sodium chloride,5.6,g/1000ml,,,,,,,,,,,,
250,,,,,,,,Sodium lactate,5,g/1000ml,,,,,,,,,,,,
251,665,Adcock Ingram Critical Care (Pty) Ltd,L614 (Act 101 / 1965),703798001,B05XA,S3,Sabax Dianeal 1.5% Gluc (2.5L),Calcium Chloride,260,g/1000ml,SOL,2500,4,64.73,7.52,10.12,82.37,0.01,30-Apr-14,,Originator,
252,,,,,,,,Glucose,15,g/1000ml,,,,,,,,,,,,
253,,,,,,,,Magnesium chloride,150,g/1000ml,,,,,,,,,,,,
254,,,,,,,,Sodium chloride,5.6,g/1000ml,,,,,,,,,,,,
255,,,,,,,,Sodium lactate,5,g/1000ml,,,,,,,,,,,,
256,665,Adcock Ingram Critical Care (Pty) Ltd,L614 (Act 101 / 1965),703798002,B05XA,S3,Sabax Dianeal 1.5% Gluc (2.5L),Calcium Chloride,260,g/1000ml,SOL,2500,4,258.93,30.09,40.46,329.48,0.03,30-Apr-14,,Originator,
257,,,,,,,,Magnesium chloride,150,g/1000ml,,,,,,,,,,,,
258,,,,,,,,Glucose,15,g/1000ml,,,,,,,,,,,,
259,,,,,,,,Sodium chloride,5.6,g/1000ml,,,,,,,,,,,,
260,,,,,,,,Sodium lactate,5,g/1000ml,,,,,,,,,,,,
261,665,Adcock Ingram Critical Care (Pty) Ltd,29/34/0325,703801001,B05XA,S3,Sabax Dianeal Normal Calcium with 1.5% Glucose,Calcium Chloride,182.83,mg/1000ml,DIA,2500,1,59.76,6.94,9.34,76.04,0.03,30-Apr-14,,Originator,
262,,,,,,,,Glucose,15,g/1000ml,,,,,,,,,,,,
263,,,,,,,,Magnesium chloride,0.0508,g/1000ml,,,,,,,,,,,,
264,,,,,,,,Sodium chloride,5.38,g/1000ml,,,,,,,,,,,,
265,,,,,,,,Sodium lactate,4.48,g/1000ml,,,,,,,,,,,,
266,665,Adcock Ingram Critical Care (Pty) Ltd,29/34/0325,703801002,B05XA,S3,Sabax Dianeal Normal Calcium with 1.5% Glucose,Calcium Chloride,182.83,mg/1000ml,DIA,2500,4,239.04,27.78,37.35,304.17,0.03,30-Apr-14,,Originator,
267,,,,,,,,Sodium chloride,5.38,g/1000ml,,,,,,,,,,,,
268,,,,,,,,Sodium lactate,4.48,g/1000ml,,,,,,,,,,,,
269,,,,,,,,Calcium chloride,0.183,g/1000ml,,,,,,,,,,,,
270,,,,,,,,Magnesium chloride,0.0508,g/1000ml,,,,,,,,,,,,
271,665,Adcock Ingram Critical Care (Pty) Ltd,36/20.1.1/0297,704635001,J01DD,S4,Adco-Cefuroxime 750mg ,Cefuroxime ,750,mg,INJ,1,,14.69,1.71,2.3,18.7,1.87,30-Apr-14,,Generic,
272,665,Adcock Ingram Critical Care (Pty) Ltd,36/20.1.1/0297,704635002,J01DD,S4,Adco-Cefuroxime 750mg ,Cefuroxime Sodium,750,mg,INJ,10,,146.95,17.08,22.96,186.98,1.87,30-Apr-14,,Generic,
273,665,Adcock Ingram Critical Care (Pty) Ltd,36/20.1.1/0298,704637001,J01DD,S4,Adco Cefuroxime 1.5g (20ml),Cefuroxime ,1500,mg/20ml,INJ,1,,31.76,3.69,4.96,40.41,2.02,30-Apr-14,,Generic,
274,665,Adcock Ingram Critical Care (Pty) Ltd,36/20.1.1/0298,704637002,J01DD,S4,Adco Cefuroxime 1.5g (20ml),Cefuroxime Sodium,1500,mg/20ml,INJ,10,,317.59,36.9,49.63,404.13,2.02,30-Apr-14,,Generic,
275,665,Adcock Ingram Critical Care (Pty) Ltd,36/20.1.1/0296,704835001,J01DD,S4,Adco-Cefuroxime 250 mg ,Cefuroxime ,250,mg,INJ,1,,11.62,1.35,1.82,14.78,1.48,30-Apr-14,,Generic,
276,665,Adcock Ingram Critical Care (Pty) Ltd,36/20.1.1/0296,704835002,J01DD,S4,Adco-Cefuroxime 250 mg ,Cefuroxime Sodium,250,mg,INJ,10,,116.18,13.5,18.15,147.83,1.48,30-Apr-14,,Generic,
277,665,Adcock Ingram Critical Care (Pty) Ltd,S/34/106,705035001,B05XA,S3,Sabax Dianeal 2.5,Calcium chloride dihydrate,257,mg/1000ml,SOL,5000,4,65.89,7.64,10.29,83.82,0,30-Apr-14,,Originator,
278,,,,,,,,Glucose,25,g/1000ml,,,,,,,,,,,,
279,,,,,,,,Magnesium chloride,50.8,g/1000ml,,,,,,,,,,,,
280,,,,,,,,Sodium chloride,5.38,g/1000ml,,,,,,,,,,,,
281,,,,,,,,Sodium lactate,4.48,g/1000ml,,,,,,,,,,,,
282,665,Adcock Ingram Critical Care (Pty) Ltd,S/34/106,705035002,B05XA,S3,Sabax Dianeal 2.5,Calcium chloride dihydrate,257,mg/1000ml,SOL,5000,4,65.89,7.64,10.29,83.82,0,30-Apr-14,,Originator,
283,,,,,,,,Magnesium chloride,50.8,g/1000ml,,,,,,,,,,,,
284,,,,,,,,Glucose,25,g/1000ml,,,,,,,,,,,,
285,,,,,,,,Sodium chloride,5.38,g/1000ml,,,,,,,,,,,,
286,,,,,,,,Sodium lactate,4.48,g/1000ml,,,,,,,,,,,,
287,665,Adcock Ingram Critical Care (Pty) Ltd,L614 (Act 101 /1965) ,705036001,B05XA,S3,Sabax  Dianeal 1.5 (5L In 5L),Calcium Chloride,260,g/1000ml,SOL,5000,4,65.89,7.64,10.29,83.82,0,30-Apr-14,,Originator,
288,,,,,,,,Glucose,15,g/1000ml,,,,,,,,,,,,
289,,,,,,,,Magnesium chloride,150,g/1000ml,,,,,,,,,,,,
290,,,,,,,,Sodium chloride,5.6,g/1000ml,,,,,,,,,,,,
291,,,,,,,,Sodium lactate,5,g/1000ml,,,,,,,,,,,,
292,665,Adcock Ingram Critical Care (Pty) Ltd,L614 (Act 101 /1965) ,705036002,B05XA,S3,Sabax  Dianeal 1.5 5L In 5L,Calcium Chloride,260,g/1000ml,SOL,5000,4,65.89,7.64,10.29,83.82,0,30-Apr-14,,Originator,
293,,,,,,,,Magnesium chloride,150,g/1000ml,,,,,,,,,,,,
294,,,,,,,,Glucose,15,g/1000ml,,,,,,,,,,,,
295,,,,,,,,Sodium chloride,5.6,g/1000ml,,,,,,,,,,,,
296,,,,,,,,Sodium lactate,5,g/1000ml,,,,,,,,,,,,
297,665,Adcock Ingram Critical Care (Pty) Ltd,L614 (Act 101 /1965) ,705036003,B05XA,S3,Sabax  Dianeal 1.5 (5L In 5L),Calcium Chloride,260,g/1000ml,SOL,5000,2,131.73,15.31,20.59,167.62,0.02,30-Apr-14,,Originator,
298,,,,,,,,Magnesium chloride,150,g/1000ml,,,,,,,,,,,,
299,,,,,,,,Glucose,15,g/1000ml,,,,,,,,,,,,
300,,,,,,,,Sodium chloride,5.6,g/1000ml,,,,,,,,,,,,
301,,,,,,,,Sodium lactate,5,g/1000ml,,,,,,,,,,,,
302,665,Adcock Ingram Critical Care (Pty) Ltd,85/23.4/3,705037001,B05XA,S3,Sabax Plasma Vet 3000ml,Magnesium chloride,0.305,g/1000ml,INF,3000,4,55.24,6.42,8.63,70.3,0.01,30-Apr-14,,Originator,
303,,,,,,,,Potassium chloride,0.373,g/1000ml,,,,,,,,,,,,
304,,,,,,,,Sodium chloride,7.6,g/1000ml,,,,,,,,,,,,
305,665,Adcock Ingram Critical Care (Pty) Ltd,85/23.4/3,705037002,B05XA,S3,Sabax Plasma Vet (3000ml),Sodium chloride,7.6,g/1000ml,INF,3000,4,55.24,6.42,8.63,70.3,0.01,30-Apr-14,,Originator,
306,,,,,,,,Potassium chloride,0.373,g/1000ml,,,,,,,,,,,,
307,,,,,,,,Magnesium chloride,0.305,g/1000ml,,,,,,,,,,,,
308,665,Adcock Ingram Critical Care (Pty) Ltd,,705038001,B05BB04,S1,Hemofil-M Factor VIII,Coagulation factor VIII,1,ZZZ,INJ,448,,12.18,1.42,1.9,15.5,0.03,30-Apr-14,,,
309,665,Adcock Ingram Critical Care (Pty) Ltd,M/34/290,705041001,B05XA,S1,Sabatane 0.05% 500Ml,Chlorhexidine,0.5,g,SOL,500,10,7.41,0.86,1.16,9.43,0,30-Apr-14,,Originator,
310,665,Adcock Ingram Critical Care (Pty) Ltd,A39/10.2.1/0373,705722001,R03AC,S3,Sabax Combineb,Ipratropium Bromide,0.5,mg/2.5ml,SOL,2.5,60,296.59,34.46,46.35,377.4,2.52,30-Apr-14,,Generic,
311,,,,,,,,Salbutamol Sulphate,2.5,mg/2ml,,,,,,,,,,,,
312,665,Adcock Ingram Critical Care (Pty) Ltd,A39/34/0163,705924001,B05XA,S3,Sabax Low Magnesium Acid Diasol (1000Ml),Acetic Acid,6.31,g,SOL,1000,2,52.2,6.07,8.16,66.42,0.03,30-Apr-14,,Originator,
313,,,,,,,,Calcium chloride,7.72,g,,,,,,,,,,,,
314,,,,,,,,Magnesium chloride,2135,g,,,,,,,,,,,,
315,,,,,,,,Potassium chloride,3.92,g,,,,,,,,,,,,
316,,,,,,,,Sodium chloride,214.8,g,,,,,,,,,,,,
317,665,Adcock Ingram Critical Care (Pty) Ltd,A39/34/0162,705927001,B05XA,S3,Sabax Low Glucose Acid Diasol (5000Ml),Acetic Acid,6.31,g,SOL,5000,2,66.48,7.73,10.39,84.6,0.01,30-Apr-14,,Originator,
318,,,,,,,,Calcium chloride,7.72,g,,,,,,,,,,,,
319,,,,,,,,Glucose,38.5,g,,,,,,,,,,,,
320,,,,,,,,Magnesium chloride,2135,g,,,,,,,,,,,,
321,,,,,,,,Potassium chloride,3.92,g,,,,,,,,,,,,
322,,,,,,,,Sodium chloride,214.8,g,,,,,,,,,,,,
323,665,Adcock Ingram Critical Care (Pty) Ltd,A39/34/0162,705927002,B05XA,S3,Sabax Low Glucose Acid Diasol 5000Ml,Magnesium Chloride,2135,g,SOL,5000,2,123.8,14.39,19.35,157.53,0.02,30-Apr-14,,Originator,
324,,,,,,,,Sodium chloride,214.8,g,,,,,,,,,,,,
325,,,,,,,,Glucose,38.5,g,,,,,,,,,,,,
326,,,,,,,,Calcium chloride,7.72,g,,,,,,,,,,,,
327,,,,,,,,Acetic acid,6.31,g,,,,,,,,,,,,
328,,,,,,,,Potassium chloride,3.92,g,,,,,,,,,,,,
329,665,Adcock Ingram Critical Care (Pty) Ltd,A39/34/0400,705928001,B05XA,S3,Sabax Low Calcium Acid Diasol (1000Ml),Acetic Acid,6.31,g,SOL,1000,2,59.11,6.87,9.24,75.21,0.04,30-Apr-14,,Originator,
330,,,,,,,,Calcium chloride,6.43,g,,,,,,,,,,,,
331,,,,,,,,Magnesium chloride,2135,g,,,,,,,,,,,,
332,,,,,,,,Potassium chloride,3.92,g,,,,,,,,,,,,
333,,,,,,,,Sodium chloride,214.8,g,,,,,,,,,,,,
334,665,Adcock Ingram Critical Care (Pty) Ltd,A39/34/0400,705928002,B05XA,S3,Sabax Low Calcium Acid Diasol (1000Ml),Magnesium Chloride,2.135,g,SOL,1000,2,118.22,13.74,18.47,150.43,0.08,30-Apr-14,,Originator,
335,,,,,,,,Sodium chloride,214.8,g,,,,,,,,,,,,
336,,,,,,,,Calcium chloride,6.43,g,,,,,,,,,,,,
337,,,,,,,,Acetic acid,6.31,g,,,,,,,,,,,,
338,,,,,,,,Potassium chloride,3.92,g,,,,,,,,,,,,
339,665,Adcock Ingram Critical Care (Pty) Ltd,A39/34/0164,705929001,B05XA,S3,"Sabax Liq Bicarb Concentrate 8,4%",Sodium Bicarbonate,84,g,SOL,5000,2,66.48,7.73,10.39,84.6,0.01,30-Apr-14,,Originator,
340,,,,,,,,Sodium edetate,100,g,,,,,,,,,,,,
341,665,Adcock Ingram Critical Care (Pty) Ltd,A39/34/0164,705929002,B05XA,S3,Sabax Liq Bicarb Concentrate 8.4%,Sodium Bicarbonate,84,g,SOL,5000,2,123.8,14.39,19.35,157.53,0.02,30-Apr-14,,Originator,
342,665,Adcock Ingram Critical Care (Pty) Ltd,A39/34/0168,705931001,B05XA,S3,Sabax Standard Acute Acid Diasol,Acetic Acid,6.31,g,SOL,5000,2,61.01,7.09,9.53,77.64,0.01,30-Apr-14,,Originator,
343,,,,,,,,Calcium chloride,7.72,g,,,,,,,,,,,,
344,,,,,,,,Glucose,154,g,,,,,,,,,,,,
345,,,,,,,,Magnesium chloride,5.34,g,,,,,,,,,,,,
346,,,,,,,,Potassium chloride,3.92,g,,,,,,,,,,,,
347,,,,,,,,Sodium chloride,198.4,g,,,,,,,,,,,,
348,665,Adcock Ingram Critical Care (Pty) Ltd,A39/34/0165,705933001,B05XA,S1,Standard Chronic 1000Ml,Acetic Acid,6.31,g,SOL,5000,2,59.12,6.87,9.24,75.22,0.01,30-Apr-14,,Originator,
349,,,,,,,,Calcium chloride,7.72,g,,,,,,,,,,,,
350,,,,,,,,Magnesium chloride,5.34,g,,,,,,,,,,,,
351,,,,,,,,Potassium chloride,3.92,g,,,,,,,,,,,,
352,,,,,,,,Sodium chloride,214.8,g,,,,,,,,,,,,
353,665,Adcock Ingram Critical Care (Pty) Ltd,A39/34/0165,705933002,B05XA,S3,Sabax Standard Chronic Acid Diasol (1000Ml),Sodium Chloride,214.8,g,SOL,1000,2,110.09,12.79,17.2,140.08,0.07,30-Apr-14,,Originator,
354,,,,,,,,Calcium chloride,7.72,g,,,,,,,,,,,,
355,,,,,,,,Acetic acid,6.31,g,,,,,,,,,,,,
356,,,,,,,,Magnesium chloride,5.34,g,,,,,,,,,,,,
357,,,,,,,,Potassium chloride,3.92,g,,,,,,,,,,,,
358,665,Adcock Ingram Critical Care (Pty) Ltd,A39/34/0169,705935001,B05BB,S3,Sabax High Potasium Acid Diasol (5000Ml),Acetic Acid,6.31,g,SOL,5000,2,69.05,8.02,10.79,87.86,0.01,30-Apr-14,,Originator,
359,,,,,,,,Calcium chloride,7.72,g,,,,,,,,,,,,
360,,,,,,,,Glucose,154,g,,,,,,,,,,,,
361,,,,,,,,Magnesium chloride,5.34,g,,,,,,,,,,,,
362,,,,,,,,Potassium chloride,9.13,g,,,,,,,,,,,,
363,,,,,,,,Sodium chloride,198.4,g,,,,,,,,,,,,
364,665,Adcock Ingram Critical Care (Pty) Ltd,A39/34/0169,705935002,B05BB,S3,Sabax High Potasium Acid Diasol 5000Ml,Sodium Chloride,198.4,g,SOL,5000,2,138.1,16.05,21.58,175.72,0.02,30-Apr-14,,Originator,
365,,,,,,,,Glucose,154,g,,,,,,,,,,,,
366,,,,,,,,Potassium chloride,9.13,g,,,,,,,,,,,,
367,,,,,,,,Calcium chloride,7.72,g,,,,,,,,,,,,
368,,,,,,,,Acetic acid,6.31,g,,,,,,,,,,,,
369,,,,,,,,Magnesium chloride,5.34,g,,,,,,,,,,,,
370,665,Adcock Ingram Critical Care (Pty) Ltd,37/34/0586,706189001,B05XA,S3,Physioneal 40 Glucose 3.86% (2L),Calcium Chloride,0.507,g/ml,SOL,2000,4,99.24,11.53,15.51,126.28,0.02,30-Apr-14,,Originator,
371,,,,,,,,Glucose,106.5,g/ml,,,,,,,,,,,,
372,,,,,,,,Magnesium chloride,0.14,g/ml,,,,,,,,,,,,
373,665,Adcock Ingram Critical Care (Pty) Ltd,37/34/0585,706198001,B05XA,S3,Physioneal 40 Glucose 2.27% w/v/22.7 MG?ML,Calcium Chloride Dihydrate,0.507,g/1000ml,SOL,2000,4,96.95,11.27,15.15,123.37,0.02,30-Apr-14,,Originator,
374,,,,,,,,Glucose,62.6,g/ml,,,,,,,,,,,,
375,,,,,,,,Magnesium chloride,0.14,g/ml,,,,,,,,,,,,
376,665,Adcock Ingram Critical Care (Pty) Ltd,37/34/0584,706199001,B05XA,S3,"Physioneal 40 Glucose 1.36% w/v/13,6 mg/ml",Anhydrous Glucose,37.5,g/1000 ml,SOL,2000,4,410.34,47.68,64.12,522.14,0.07,30-Apr-14,,Originator,
377,,,,,,,,Glucose,37.5,g/ml,,,,,,,,,,,,
378,,,,,,,,Magnesium chloride,0.14,g/ml,,,,,,,,,,,,
379,665,Adcock Ingram Critical Care (Pty) Ltd,37/34/0584,706199002,B05XA,S3,"Physioneal 40 Glucose 1.36% w/v/13,6 mg/ml",Anhydrous Glucose,37.5,g/1000 ml,SOL,2000,1,95.53,11.08,14.93,121.54,0.06,30-Apr-14,,Originator,
380,,,,,,,,Sodium chloride,8.43,g/ml,,,,,,,,,,,,
381,,,,,,,,Sodium bicarbonate,3.29,g/ml,,,,,,,,,,,,
382,665,Adcock Ingram Critical Care (Pty) Ltd,X/34/164,706476001,B05XA,S3,Sabax Dianeal LS 4.25,Calcium Chloride dihydrate,0.254,g/1l,DIA,2500,1,60.55,7.04,9.46,77.05,0.03,30-Apr-14,,Originator,
383,,,,,,,,Sodium Chloride,5.6,g/1000ml,,,,,,,,,,,,
384,,,,,,,,Sodium Lactate,5,g/1000ml,,,,,,,,,,,,
385,,,,,,,,Glucose monohydrate,42.5,g/1000ml,,,,,,,,,,,,
386,,,,,,,,Magnesium Chloride hexahydrate,150,g/1000ml,,,,,,,,,,,,
387,665,Adcock Ingram Critical Care (Pty) Ltd,X/34/164,706476002,B05XA,S3,Sabax Dianeal LS 4.25,Calcium Chloride dihydrate,0.254,g/1l,DIA,2500,4,242.21,28.14,37.85,308.21,0.03,30-Apr-14,,Originator,
388,,,,,,,,Sodium Chloride,5.67,g,,,,,,,,,,,,
389,,,,,,,,Sodium Lactate,3.92,g,,,,,,,,,,,,
390,,,,,,,,Calcium Chloride dihydrate,257,mg,,,,,,,,,,,,
391,,,,,,,,Magnesium Chloride hexahydrate,152,mg/1000ml,,,,,,,,,,,,
392,665,Adcock Ingram Critical Care (Pty) Ltd,37/34/0243,706480001,B05XA,S3,Nutrineal PD4 with 1.1% amino acids,Calcium chloride dihydrate,0.184,g/1000ml,SOL,2500,1,173.7,20.18,27.14,221.03,0.09,30-Apr-14,,Originator,
393,,,,,,,,Arginine hydrochloride,1.071,g/1000ml,,,,,,,,,,,,
394,,,,,,,,Calcium chloride,0.184,g/1000ml,,,,,,,,,,,,
395,,,,,,,,Cycloserine,0.51,g/1000ml,,,,,,,,,,,,
396,,,,,,,,Glycine,0.51,g/1000ml,,,,,,,,,,,,
397,,,,,,,,Histidine,0.714,g/1000ml,,,,,,,,,,,,
398,,,,,,,,Isoleucine,0.85,g/1000ml,,,,,,,,,,,,
399,,,,,,,,Leucine,1.02,g/1000ml,,,,,,,,,,,,
400,,,,,,,,Lysine,0.955,g/1000ml,,,,,,,,,,,,
401,,,,,,,,Magnesium chloride,0.051,g/1000ml,,,,,,,,,,,,
402,,,,,,,,Methionine,0.85,g/1000ml,,,,,,,,,,,,
403,,,,,,,,Phenylalanine,0.57,g/1000ml,,,,,,,,,,,,
404,,,,,,,,Proline,0.595,g/1000ml,,,,,,,,,,,,
405,,,,,,,,Threonine,0.646,g/1000ml,,,,,,,,,,,,
406,,,,,,,,Tryptophan,0.27,g/1000ml,,,,,,,,,,,,
407,,,,,,,,Tyrosine,0.3,g/1000ml,,,,,,,,,,,,
408,,,,,,,,Valine,1.393,g/1000ml,,,,,,,,,,,,
409,665,Adcock Ingram Critical Care (Pty) Ltd,37/34/0243,706480002,B05XA,S3,Nutrineal Pd4 W/1.1% Amin Acid (2.5L),Calcium chloride dihydrate,0.184,g/1000ml,SOL,2500,5,808.67,93.97,126.37,1029,0.08,30-Apr-14,,Originator,
410,,,,,,,,Sodium lactate,4.48,g/1000ml,,,,,,,,,,,,
411,665,Adcock Ingram Critical Care (Pty) Ltd,36/22.1/0508,707037001,A11BA,S1,Cernevit,Retinol Palmitate,3.5,iu/Vial,INJ,5,10,1185.05,137.7,185.19,1507.94,30.16,30-Apr-14,,Originator ,
412,,,,,,,,Cholecalciferol,220,iu/Vial,,,,,,,,,,,,
413,,,,,,,,Dl-Alpha-Tocopherol,10.2,mg/Vial,,,,,,,,,,,,
414,,,,,,,,Dexpanthenol,16.15,mg/Vial,,,,,,,,,,,,
415,,,,,,,,Pyridoxine Hydrochloride,5.5,mg/Vial,,,,,,,,,,,,
416,,,,,,,,Cocarboxylase Tetrahydrate,5.8,mg/Vial,,,,,,,,,,,,
417,,,,,,,,Riboflavin Sodium Phosphate,5.67,mg/Vial,,,,,,,,,,,,
418,,,,,,,,Folic Acid,0.414,mg/Vial,,,,,,,,,,,,
419,,,,,,,,D-Biotin,0.069,mg/Vial,,,,,,,,,,,,
420,,,,,,,,Nicotinamide,46,mg/Vial,,,,,,,,,,,,
421,,,,,,,,Ascorbic Acid,125,mg/Vial,,,,,,,,,,,,
422,,,,,,,,Cyanocobalamin,0.0006,mg/Vial,,,,,,,,,,,,
423,665,Adcock Ingram Critical Care (Pty) Ltd,36/22.1/0508,707037002,A11BA,S1,Cernevit,Retinol Palmitate,3.5,iu/Vial,INJ,5,1,118.5,13.77,18.52,150.79,30.16,30-Apr-14,,Originator ,
424,,,,,,,,Cholecalciferol,220,iu/Vial,,,,,,,,,,,,
425,,,,,,,,Dl-Alpha-Tocopherol,10.2,mg/Vial,,,,,,,,,,,,
426,,,,,,,,Dexpanthenol,16.15,mg/Vial,,,,,,,,,,,,
427,,,,,,,,Pyridoxine Hydrochloride,5.5,mg/Vial,,,,,,,,,,,,
428,,,,,,,,Cocarboxylase Tetrahydrate,5.8,mg/Vial,,,,,,,,,,,,
429,,,,,,,,Riboflavin Sodium Phosphate,5.67,mg/Vial,,,,,,,,,,,,
430,,,,,,,,Ascorbic Acid,125,mg/Vial,,,,,,,,,,,,
431,,,,,,,,Cyanocobalamin,0.0006,mg/Vial,,,,,,,,,,,,
432,,,,,,,,Folic Acid,0.414,mg/Vial,,,,,,,,,,,,
433,,,,,,,,D-Biotin,0.069,mg/Vial,,,,,,,,,,,,
434,,,,,,,,Nicotinamide,46,mg/Vial,,,,,,,,,,,,
435,665,Adcock Ingram Critical Care (Pty) Ltd,38/34/0172,707038001,B05XA,S3,Extraneal 2L,Calcium chloride,0.257,g,SOL,1,,198.57,23.08,31.03,252.68,,30-Apr-14, ,Originator,
436,,,,,,,,Icodextrin,75,g,,,,,,,,,,,,
437,,,,,,,,Magnesium chloride,0.051,g,,,,,,,,,,,,
438,,,,,,,,Sodium chloride,5.4,g,,,,,,,,,,,,
439,,,,,,,,Sodium lactate,4.5,g,,,,,,,,,,,,
440,665,Adcock Ingram Critical Care (Pty) Ltd,38/34/0172,707038002,B05XA,S3,Extraneal ,Icodextrin,75,g/1000ml,SOL,2000,1,210.09,24.42,32.83,267.34,0.13,30-Apr-14,,Originator,
441,,,,,,,,Sodium chloride,5.4,g,,,,,,,,,,,,
442,,,,,,,,Sodium lactate,4.5,g,,,,,,,,,,,,
443,,,,,,,,Calcium chloride,0.257,g,,,,,,,,,,,,
444,,,,,,,,Magnesium chloride,0.051,g,,,,,,,,,,,,
445,,,,,,,,L-tyrosine,0.34,g/1000ml,,,,,,,,,,,,
446,665,Adcock Ingram Critical Care (Pty) Ltd,37/25.2/0501,707040001,B05XA,S3,Oliclinomel N4-550 E,Amino acids solution compartment with electrolytes ,5.5,%/bag,INF,2500,2,1333.19,154.65,208.3,1696.14,0.34,30-Apr-14, ,Originator,
447,,,,,,,,L-alanine,11.39,g/1000ml,,,,,,,,,,,,
448,,,,,,,,L-arginine,6.33,g/1000ml,,,,,,,,,,,,
449,,,,,,,,Glycine,5.67,g/1000ml,,,,,,,,,,,,
450,,,,,,,,L-histidine,2.64,g/1000ml,,,,,,,,,,,,
451,,,,,,,,L-isoleucine,3.3,g/1000ml,,,,,,,,,,,,
452,,,,,,,,L-leucine,4.02,g/1000ml,,,,,,,,,,,,
453,,,,,,,,L-lysine,3.19,g/1000ml,,,,,,,,,,,,
454,,,,,,,,L-methionine,2.2,g/1000ml,,,,,,,,,,,,
455,,,,,,,,L-phenylalanine,3.08,g/1000ml,,,,,,,,,,,,
456,,,,,,,,L-proline,3.74,g/1000ml,,,,,,,,,,,,
457,,,,,,,,L-serine,2.75,g/1000ml,,,,,,,,,,,,
458,,,,,,,,L-threonine,2.31,g/1000ml,,,,,,,,,,,,
459,,,,,,,,L-tryptophan,0.99,g/1000ml,,,,,,,,,,,,
460,,,,,,,,L-tyrosine,0.22,g/1000ml,,,,,,,,,,,,
461,,,,,,,,L-valine,3.19,g/1000ml,,,,,,,,,,,,
462,,,,,,,,Sodium acetate,2.45,g/1000ml,,,,,,,,,,,,
463,,,,,,,,Sodium glycerophosphate,5.36,g/1000ml,,,,,,,,,,,,
464,,,,,,,,Potassium chloride,2.98,g/1000ml,,,,,,,,,,,,
465,,,,,,,,Magnesium chloride,1.12,g/1000ml,,,,,,,,,,,,
466,,,,,,,,Glucose monohydrate,200,g/1000ml,,,,,,,,,,,,
467,,,,,,,,refined soya-bean oil + Refined olive oil,100,g/1000ml,,,,,,,,,,,,
468,,,,,,,,Calcium chloride,0.74,g/1000ml,,,,,,,,,,,,
469,665,Adcock Ingram Critical Care (Pty) Ltd,37/25.2/0501,707040002,B05XA,S3,Oliclinomel N4-550 E,Amino acids solution compartment with electrolytes ,5.5,%/bag,INF,2500,1,1714.85,199.27,267.98,2182.09,0.87,30-Apr-14,,Originator,
470,,,,,,,,L-alanine,11.39,g/1000ml,,,,,,,,,,,,
471,,,,,,,,L-arginine,6.33,g/1000ml,,,,,,,,,,,,
472,,,,,,,,Glycine,5.67,g/1000ml,,,,,,,,,,,,
473,,,,,,,,L-histidine,2.64,g/1000ml,,,,,,,,,,,,
474,,,,,,,,L-isoleucine,3.3,g/1000ml,,,,,,,,,,,,
475,,,,,,,,L-leucine,4.02,g/1000ml,,,,,,,,,,,,
476,,,,,,,,L-lysine,3.19,g/1000ml,,,,,,,,,,,,
477,,,,,,,,L-methionine,2.2,g/1000ml,,,,,,,,,,,,
478,,,,,,,,L-phenylalanine,3.08,g/1000ml,,,,,,,,,,,,
479,,,,,,,,L-proline,3.74,g/1000ml,,,,,,,,,,,,
480,,,,,,,,L-serine,2.75,g/1000ml,,,,,,,,,,,,
481,,,,,,,,L-threonine,2.31,g/1000ml,,,,,,,,,,,,
482,,,,,,,,L-tryptophan,0.99,g/1000ml,,,,,,,,,,,,
483,,,,,,,,L-tyrosine,0.22,g/1000ml,,,,,,,,,,,,
484,,,,,,,,L-valine,3.19,g/1000ml,,,,,,,,,,,,
485,,,,,,,,Sodium acetate,2.45,g/1000ml,,,,,,,,,,,,
486,,,,,,,,Sodium glycerophosphate,5.36,g/1000ml,,,,,,,,,,,,
487,,,,,,,,Potassium chloride,2.98,g/1000ml,,,,,,,,,,,,
488,,,,,,,,Magnesium chloride,1.12,g/1000ml,,,,,,,,,,,,
489,,,,,,,,Glucose monohydrate,200,g/1000ml,,,,,,,,,,,,
490,,,,,,,,refined soya-bean oil + Refined olive oil,100,g/1000ml,,,,,,,,,,,,
491,,,,,,,,Calcium chloride,0.74,g/1000ml,,,,,,,,,,,,
492,665,Adcock Ingram Critical Care (Pty) Ltd,37/25.2/0503,707125001,B05XA,S3,Oliclinomel N6-900 E,Amino acids solution compartment with electrolytes ,8.5,%/bag,INF,2000,4,4846.37,563.15,757.33,6166.85,0.77,30-Apr-14, ,Originator,
493,,,,,,,,L-alanine,17.6,g/1000ml,,,,,,,,,,,,
494,,,,,,,,L-arginine,9.78,g/1000ml,,,,,,,,,,,,
495,,,,,,,,Glycine,8.76,g/1000ml,,,,,,,,,,,,
496,,,,,,,,L-histidine,4.08,g/1000ml,,,,,,,,,,,,
497,,,,,,,,L-isoleucine,5.1,g/1000ml,,,,,,,,,,,,
498,,,,,,,,L-leucine,6.21,g/1000ml,,,,,,,,,,,,
499,,,,,,,,L-lysine,4.93,g/1000ml,,,,,,,,,,,,
500,,,,,,,,L-methionine,3.4,g/1000ml,,,,,,,,,,,,
501,,,,,,,,L-phenylalanine,4.76,g/1000ml,,,,,,,,,,,,
502,,,,,,,,L-proline,5.78,g/1000ml,,,,,,,,,,,,
503,,,,,,,,L-serine,4.25,g/1000ml,,,,,,,,,,,,
504,,,,,,,,L-threonine,3.57,g/1000ml,,,,,,,,,,,,
505,,,,,,,,L-tryptophan,1.53,g/1000ml,,,,,,,,,,,,
506,,,,,,,,L-tyrosine,0.4,g/1000ml,,,,,,,,,,,,
507,,,,,,,,L-valine,5.8,g/1000ml,,,,,,,,,,,,
508,,,,,,,,Sodium acetate,6.12,g/1000ml,,,,,,,,,,,,
509,,,,,,,,Sodium glycerophosphate,5.36,g/1000ml,,,,,,,,,,,,
510,,,,,,,,Potassium chloride,4.47,g/1000ml,,,,,,,,,,,,
511,,,,,,,,Magnesium chloride,1.12,g/1000ml,,,,,,,,,,,,
512,,,,,,,,Glucose monohydrate,400,g/1000ml,,,,,,,,,,,,
513,,,,,,,,refined soya-bean oil + Refined olive oil,200,g/1000ml,,,,,,,,,,,,
514,,,,,,,,Calcium chloride,0.74,g/1000ml,,,,,,,,,,,,
515,665,Adcock Ingram Critical Care (Pty) Ltd,37/25.2/0503,707125002,B05XA,S3,Oliclinomel N6-900 E,Amino acids solution compartment with electrolytes ,8.5,%/bag,INF,2000,1,1222.46,142.05,191.03,1555.54,0.78,30-Apr-14,,Originator ,
516,,,,,,,,L-alanine,17.6,g/1000ml,,,,,,,,,,,,
517,,,,,,,,L-arginine,9.78,g/1000ml,,,,,,,,,,,,
518,,,,,,,,Glycine,8.76,g/1000ml,,,,,,,,,,,,
519,,,,,,,,L-histidine,4.08,g/1000ml,,,,,,,,,,,,
520,,,,,,,,L-isoleucine,5.1,g/1000ml,,,,,,,,,,,,
521,,,,,,,,L-leucine,6.21,g/1000ml,,,,,,,,,,,,
522,,,,,,,,L-lysine,4.93,g/1000ml,,,,,,,,,,,,
523,,,,,,,,L-methionine,3.4,g/1000ml,,,,,,,,,,,,
524,,,,,,,,L-phenylalanine,4.76,g/1000ml,,,,,,,,,,,,
525,,,,,,,,L-proline,5.78,g/1000ml,,,,,,,,,,,,
526,,,,,,,,L-serine,4.25,g/1000ml,,,,,,,,,,,,
527,,,,,,,,L-threonine,3.57,g/1000ml,,,,,,,,,,,,
528,,,,,,,,L-tryptophan,1.53,g/1000ml,,,,,,,,,,,,
529,,,,,,,,L-tyrosine,0.34,g/1000ml,,,,,,,,,,,,
530,,,,,,,,L-valine,4.93,g/1000ml,,,,,,,,,,,,
531,,,,,,,,Sodium acetate,6.12,g/1000ml,,,,,,,,,,,,
532,,,,,,,,Sodium glycerophosphate,5.36,g/1000ml,,,,,,,,,,,,
533,,,,,,,,Potassium chloride,4.47,g/1000ml,,,,,,,,,,,,
534,,,,,,,,Magnesium chloride,1.12,g/1000ml,,,,,,,,,,,,
535,,,,,,,,Glucose monohydrate,300,g/1000ml,,,,,,,,,,,,
536,,,,,,,,refined soya-bean oil + Refined olive oil,200,g/1000ml,,,,,,,,,,,,
537,,,,,,,,Calcium chloride,0.74,g/1000ml,,,,,,,,,,,,
538,665,Adcock Ingram Critical Care (Pty) Ltd,37/25.2/0504,707126001,B05XA,S3,Oliclinomel N7-1000 E,Amino acids solution compartment with electrolytes ,10,%/bag,INF,2000,4,1265.53,146.8,197.73,1610.06,0.2,30-Apr-14, ,Originator,
539,,,,,,,,L-alanine,20.7,g/1000ml,,,,,,,,,,,,
540,,,,,,,,L-arginine,11.5,g/1000ml,,,,,,,,,,,,
541,,,,,,,,Glycine,10.3,g/1000ml,,,,,,,,,,,,
542,,,,,,,,L-histidine,4.8,g/1000ml,,,,,,,,,,,,
543,,,,,,,,L-isoleucine,6,g/1000ml,,,,,,,,,,,,
544,,,,,,,,L-leucine,7.3,g/1000ml,,,,,,,,,,,,
545,,,,,,,,L-lysine,5.8,g/1000ml,,,,,,,,,,,,
546,,,,,,,,L-methionine,4,g/1000ml,,,,,,,,,,,,
547,,,,,,,,L-phenylalanine,5.6,g/1000ml,,,,,,,,,,,,
548,,,,,,,,L-proline,6.8,g/1000ml,,,,,,,,,,,,
549,,,,,,,,L-serine,5,g/1000ml,,,,,,,,,,,,
550,665,Adcock Ingram Critical Care (Pty) Ltd,37/25.2/0504,707126002,B05XA,S3,Oliclinomel N7-1000 E,Amino acids solution compartment with electrolytes ,10,%/bag,INF,2000,1,1358.94,157.91,212.36,1729.21,0.86,30-Apr-14, ,Originator,
551,,,,,,,,L-alanine,20.7,g/1000ml,,,,,,,,,,,,
552,,,,,,,,L-arginine,11.5,g/1000ml,,,,,,,,,,,,
553,,,,,,,,Glycine,10.3,g/1000ml,,,,,,,,,,,,
554,,,,,,,,L-histidine,4.8,g/1000ml,,,,,,,,,,,,
555,,,,,,,,L-isoleucine,6,g/1000ml,,,,,,,,,,,,
556,,,,,,,,L-leucine,7.3,g/1000ml,,,,,,,,,,,,
557,,,,,,,,L-lysine,5.8,g/1000ml,,,,,,,,,,,,
558,,,,,,,,L-methionine,4,g/1000ml,,,,,,,,,,,,
559,,,,,,,,L-phenylalanine,5.6,g/1000ml,,,,,,,,,,,,
560,,,,,,,,L-proline,6.8,g/1000ml,,,,,,,,,,,,
561,,,,,,,,L-serine,5,g/1000ml,,,,,,,,,,,,
562,,,,,,,,L-threonine,4.2,g/1000ml,,,,,,,,,,,,
563,,,,,,,,L-tryptophan,1.8,g/1000ml,,,,,,,,,,,,
564,,,,,,,,L-tyrosine,0.4,g/1000ml,,,,,,,,,,,,
565,,,,,,,,L-valine,5.8,g/1000ml,,,,,,,,,,,,
566,,,,,,,,Sodium acetate,6.12,g/1000ml,,,,,,,,,,,,
567,,,,,,,,Sodium glycerophosphate,5.36,g/1000ml,,,,,,,,,,,,
568,,,,,,,,Potassium chloride,4.47,g/1000ml,,,,,,,,,,,,
569,,,,,,,,Magnesium chloride,1.12,g/1000ml,,,,,,,,,,,,
570,,,,,,,,Glucose monohydrate,400,g/1000ml,,,,,,,,,,,,
571,,,,,,,,refined soya-bean oil + Refined olive oil,200,g/1000ml,,,,,,,,,,,,
572,,,,,,,,Calcium chloride,0.74,g/1000ml,,,,,,,,,,,,
573,665,Adcock Ingram Critical Care (Pty) Ltd,A39/20.1.1/0646,707699001,J01MA,S4,Sabax Ciprofloxacin 2Mg/Ml   (50Ml)   ,Ciprofloxacin,2,mg/ml,INF,50,1,29.96,3.48,4.68,38.12,0.76,30-Apr-14,,Originator,
574,,,,,,,,Sodium glycerophosphate,5.36,g/1000ml,,,,,,,,,,,,
575,,,,,,,,Potassium chloride,4.47,g/1000ml,,,,,,,,,,,,
576,,,,,,,,Magnesium chloride,1.12,g/1000ml,,,,,,,,,,,,
577,,,,,,,,Glucose monohydrate,300,g/1000ml,,,,,,,,,,,,
578,,,,,,,,refined soya-bean oil + Refined olive oil,200,g/1000ml,,,,,,,,,,,,
579,,,,,,,,Calcium chloride,0.74,g/1000ml,,,,,,,,,,,,
580,665,Adcock Ingram Critical Care (Pty) Ltd,A39/20.1.1/0646,707699002,J01MA,S4,Sabax Ciprofloxacin 2Mg/Ml   (50Ml)   ,Ciprofloxacin,2,mg/ml,INF,50,10,283.16,32.9,44.25,360.32,0.72,30-Apr-14,Discontinued,Originator,
581,665,Adcock Ingram Critical Care (Pty) Ltd,A39/20.1.1/0646,707700001,J01MA,S4,Sabax Ciprofloxacin 2Mg/Ml     (100Ml),Ciprofloxacin,2,mg/ml,INF,100,1,59.94,6.96,9.37,76.27,0.76,30-Apr-14,,Originator,
582,665,Adcock Ingram Critical Care (Pty) Ltd,A39/20.1.1/0646,707700002,J01MA,S4,Sabax Ciprofloxacin 2Mg/Ml     (100Ml),Ciprofloxacin,2,mg/ml,INF,100,10,566.49,65.83,88.52,720.85,0.72,30-Apr-14,Discontinued,Originator,
583,665,Adcock Ingram Critical Care (Pty) Ltd,A39/20.1.1/0646,707701001,J01MA,S4,Sabax Ciprofloxacin 2Mg/Ml   (200Ml),Ciprofloxacin,2,mg/ml,INF,200,1,119.86,13.93,18.73,152.52,0.76,30-Apr-14,,Originator,
584,665,Adcock Ingram Critical Care (Pty) Ltd,A39/20.1.1/0646,707701002,J01MA,S4,Sabax Ciprofloxacin 2Mg/Ml   (200Ml),Ciprofloxacin,2,mg/ml,INF,200,10,113.29,13.16,17.7,144.16,0.07,30-Apr-14,Discontinued,Originator,
585,665,Adcock Ingram Critical Care (Pty) Ltd,27/20.2.6/0562,708770001,G01AF,S4,Sabax Metronidazole 500Mg/100Ml,Metronidazole ,5,mg/100ml,INF,100,1,9.93,1.15,1.55,12.64,0.13,30-Apr-14,,Originator,
586,665,Adcock Ingram Critical Care (Pty) Ltd,27/20.2.6/0562,708770002,G01AF,S4,Sabax Metronidazole 500Mg/100Ml,Metronidazole ,5,mg/100ml,INF,100,50,496.5,57.69,77.59,631.78,0.13,30-Apr-14,,Originator,
587,665,Adcock Ingram Critical Care (Pty) Ltd,29/34/0325,710449001,B05XA,S3,Sabax Dianeal Normal Calcium with 1.5% Glucose,Calcium Chloride,182.83,mg/1000ml,DIA,5000,1,79.81,9.27,12.47,101.56,0.02,30-Apr-14,,Originator,
588,,,,,,,,Glucose,15,g/1000ml,,,,,,,,,,,,
589,,,,,,,,Magnesium chloride,0.0508,g/1000ml,,,,,,,,,,,,
590,,,,,,,,Sodium chloride,5.38,g/1000ml,,,,,,,,,,,,
591,,,,,,,,Sodium lactate,4.48,g/1000ml,,,,,,,,,,,,
592,665,Adcock Ingram Critical Care (Pty) Ltd,29/34/0325,710449002,B05XA,S3,Sabax Dianeal Normal Calcium with 1.5% Glucose,Calcium Chloride,182.83,mg/1000ml,DIA,5000,2,148.62,17.27,23.23,189.12,0.02,30-Apr-14,,Originator,
593,,,,,,,,Sodium chloride,5.38,g/1000ml,,,,,,,,,,,,
594,,,,,,,,Sodium lactate,4.48,g/1000ml,,,,,,,,,,,,
595,,,,,,,,Calcium chloride,0.183,g/1000ml,,,,,,,,,,,,
596,,,,,,,,Magnesium chloride,0.0508,g/1000ml,,,,,,,,,,,,
597,665,Adcock Ingram Critical Care (Pty) Ltd,29/34/0326,710451001,B05XA,S3,Sabax Dianeal Normal Calcium 2.5% Glucose 5L,Glucose,25,g/1000ml,DIA,1,,75.44,8.77,11.79,95.99,,30-Apr-14, ,Originator,
598,,,,,,,,Sodium chloride,5.38,g/1000ml,,,,,,,,,,,,
599,,,,,,,,Sodium lactate,4.48,g/1000ml,,,,,,,,,,,,
600,,,,,,,,Calcium chloride,0.183,g/1000ml,,,,,,,,,,,,
601,,,,,,,,Magnesium chloride,0.0508,g/1000ml,,,,,,,,,,,,
602,665,Adcock Ingram Critical Care (Pty) Ltd,29/34/0326,710451002,B05XA,S3,Sabax Dianeal Normal Calcium 2.5% Glucose 5L,Glucose,25,g/1000ml,DIA,2,,140.48,16.32,21.95,178.75,,30-Apr-14, ,Originator,
603,,,,,,,,Sodium chloride,5.38,g/1000ml,,,,,,,,,,,,
604,,,,,,,,Sodium lactate,4.48,g/1000ml,,,,,,,,,,,,
605,,,,,,,,Calcium chloride,0.183,g/1000ml,,,,,,,,,,,,
606,,,,,,,,Magnesium chloride,0.0508,g/1000ml,,,,,,,,,,,,
607,665,Adcock Ingram Critical Care (Pty) Ltd,B1242,711033001,N02AA,S6,Sabax Morphine 1ml,Morphine Sulphate,10,mg/ml,INJ,1,,38.27,4.45,5.98,48.7,48.7,30-Apr-14,,Originator,
608,665,Adcock Ingram Critical Care (Pty) Ltd,B1243,711034001,N02AA,S6,Sabax Morphine 1ml,Morphine Sulphate,15,mg/ml,INJ,1,,42.39,4.93,6.62,53.94,53.94,30-Apr-14,,Originator,
609,665,Adcock Ingram Critical Care (Pty) Ltd,41/18/0300,711080001,B05BB,S4,Fosrenol 500Mg,Lanthanum Carbonate Hydrate,500,mg,TAB,90,1,1271.09,147.7,198.63,1617.42,17.97,30-Apr-14,,Originator,
610,665,Adcock Ingram Critical Care (Pty) Ltd,41/18/0301,711081001,B05BB,S4,Fosrenol 750Mg,Lanthanum Carbonate Hydrate,750,mg,TAB,90,1,1909.32,221.86,298.37,2429.55,26.99,30-Apr-14,,Originator,
611,665,Adcock Ingram Critical Care (Pty) Ltd,A40/2.2/0569,711380001,N05BA,S5,Sabax Midazolam Injection 5mg/5ml,Midazolam ,1,mg/ml,INJ,10,,129.52,15.05,20.24,164.81,3.3,30-Apr-14,,,
612,665,Adcock Ingram Critical Care (Pty) Ltd,A40/2.2/0570,711382001,N05BA,S5,Sabax Midazolam Injection 15mg/3mll,Midazolam ,15,mg/3ml,INJ,10,,235.48,27.36,36.8,299.64,9.99,30-Apr-14,,Originator,
613,665,Adcock Ingram Critical Care (Pty) Ltd,A40/2.2/0571,711383001,N05BA,S5,Sabax Midazolam Injection 50mg/10ml,Midazolam ,50,mg/10ml,INJ,10,,1012.44,117.65,158.21,1288.3,12.88,30-Apr-14,,Originator,
614,665,Adcock Ingram Critical Care (Pty) Ltd,37/34/0584,711746001,B05XA,S3,"Physioneal 40 Glucose 1.36% w/v 13,6MG/ML",Anhydrous Glucose,37.5,g/1000 ml,SOL,2000,1,95.53,11.08,14.93,121.54,0.06,30-Apr-14,,Originator,
615,,,,,,,,Calcium chloride,0.507,g/1000 ml,,,,,,,,,,,,
616,,,,,,,,Magnesium chloride,0.14,g/1000 ml,,,,,,,,,,,,
617,665,Adcock Ingram Critical Care (Pty) Ltd,37/34/0584,711746002,B05XA,S3,"Physioneal 40 Glucose 1.36% w/v 13,6MG/ML",Anhydrous Glucose,37.5,g/1000 ml,SOL,2000,4,410.34,47.68,64.12,522.14,0.07,30-Apr-14,,Originator,
618,,,,,,,,Sodium chloride,8.43,g/ml,,,,,,,,,,,,
619,,,,,,,,Sodium bicarbonate,3.29,g/ml,,,,,,,,,,,,
620,665,Adcock Ingram Critical Care (Pty) Ltd,A39/6.2/0321,711776001,C08CA,S4,Adcorone 150mg/3ml,Amiodarone Hydrochloride 150mg/3ml,50,mg/ml,INJ,3,,379.28,44,59.26,482.54,,30-Apr-14, ,Originator,
621,665,Adcock Ingram Critical Care (Pty) Ltd,B/2.9/1251,711847001,N02AA,S6,Sabax Pethidine Hydrochloride 50mg,Pethidine,50,mg/ml,INJ,1,,27.12,3.15,4.24,34.51,34.51,30-Apr-14,,Originator,
622,665,Adcock Ingram Critical Care (Pty) Ltd,B/2.9/1634,711852001,N02AA,S6,Sabax Pethidine Hydrochloride 100mg,Pethidine,50,mg/ml,INJ,2,,5.82,0.68,0.91,7.41,3.71,30-Apr-14,,Originator,
623,665,Adcock Ingram Critical Care (Pty) Ltd,A40/5.10/0572,711904001,A03FA,S4,Sabax Ondansetron injection 4mg/2ml,Ondansetron (as hydrochloride),2,mg/ml,INJ,10,,181.54,21.1,28.37,231,11.55,30-Apr-14,,Generic,
624,665,Adcock Ingram Critical Care (Pty) Ltd,A40/5.10/0573,711905001,A03FA,S4,Sabax Ondansetron injection 8mg/4ml,Ondansetron (as hydrochloride),2,mg/ml,INJ,10,,363.08,42.19,56.74,462.01,11.55,30-Apr-14,,Generic,
625,665,Adcock Ingram Critical Care (Pty) Ltd,J/34/396,712605001,B05XA,S1,Sabax Pour Saline 0.9% 1000Ml,Sodium Chloride,9,g/1000ml,SOL,1000,1,9.99,1.16,1.56,12.72,0.01,30-Apr-14,,Originator,
626,665,Adcock Ingram Critical Care (Pty) Ltd,J/34/396,712605002,B05XA,S1,Sabax Pour Saline 0.9% (1000Ml),Sodium Chloride,9,g/1000ml,SOL,1000,10,99.93,11.61,15.62,127.16,0.01,30-Apr-14,,Originator,
627,665,Adcock Ingram Critical Care (Pty) Ltd,J/34/395,712606001,B05BC,S1,Sabax Pour Water,Water for Injections,1000,ml/1000ml,SOL,1000,1,8.86,1.03,1.38,11.28,0.01,30-Apr-14,,Originator,
628,665,Adcock Ingram Critical Care (Pty) Ltd,41/5.7.2/1079,712891001,A03FA,S4,Adco Granisetron 1 Mg/1 Ml,Granisetron Hydrochloride Equivalent to Granisetron,1,mg/ml,INJ,1,5,148.39,17.24,23.19,188.83,37.77,30-Apr-14,,Generic,
629,665,Adcock Ingram Critical Care (Pty) Ltd,41/5.7.2/1080,712892001,A03FA,S4,Adco Granisetron 3 Mg/3 Ml,Granisetron Hydrochloride Equivalent to Granisetron,3,mg/3ml,INJ,3,5,445.19,51.73,69.57,566.49,37.77,30-Apr-14,,Generic,
630,665,Adcock Ingram Critical Care (Pty) Ltd,A39/25.2/0275,713289002,B05XA,S3,Oliclinomel N8-800,Amino acids solution compartment ,12,%/bag,INF,2000,4,5214.01,605.87,814.78,6634.66,0.83,30-Apr-14, ,Originator,
631,,,,,,,,L-alanine,20.7,g/1000ml,,,,,,,,,,,,
632,,,,,,,,L-arginine,11.5,g/1000ml,,,,,,,,,,,,
633,,,,,,,,Glycine,10.3,g/1000ml,,,,,,,,,,,,
634,,,,,,,,L-histidine,4.8,g/1000ml,,,,,,,,,,,,
635,,,,,,,,L-isoleucine,6,g/1000ml,,,,,,,,,,,,
636,,,,,,,,L-leucine,7.3,g/1000ml,,,,,,,,,,,,
637,,,,,,,,L-lysine,5.8,g/1000ml,,,,,,,,,,,,
638,,,,,,,,L-methionine,4,g/1000ml,,,,,,,,,,,,
639,,,,,,,,L-phenylalanine,5.6,g/1000ml,,,,,,,,,,,,
640,,,,,,,,L-proline,6.8,g/1000ml,,,,,,,,,,,,
641,,,,,,,,L-serine,5,g/1000ml,,,,,,,,,,,,
642,,,,,,,,L-threonine,4.2,g/1000ml,,,,,,,,,,,,
643,,,,,,,,L-tryptophan,1.8,g/1000ml,,,,,,,,,,,,
644,,,,,,,,L-tyrosine,0.4,g/1000ml,,,,,,,,,,,,
645,,,,,,,,L-valine,5.8,g/1000ml,,,,,,,,,,,,
646,,,,,,,,Glucose monohydrate,312.5,g/1000ml,,,,,,,,,,,,
